2026-08-25 01:48:01,500 [cateye.health.engine] INFO: [HEALTH] Recovery initiated for agents_status via RecoveryEngine
2026-08-25 01:48:01,500 [cateye.recovery.engine] WARNING: [RECOVERY] scheduler_dead on scheduler_status: failed (action=restart_scheduler)
2026-08-25 01:48:01,501 [ownex.scheduler] INFO: Autonomous pipeline scheduler stopped
2026-08-25 01:48:01,501 [ownex.scheduler] INFO: Autonomous pipeline scheduler started (interval=1800s)
2026-08-25 01:48:01,502 [ownex.scheduler] INFO: === Autonomous Pipeline Cycle ===
2026-08-25 01:48:01,502 [ownex.scheduler] INFO: [DISCOVER] Scraping public bug bounty platforms...
2026-08-25 01:48:05,736 [cateye.lifespan] INFO: [ORION] Job due: loop:ownex:pulse
2026-08-25 01:48:09,752 [orion.core.health] INFO: Health: RED — 9/10 checks passed
2026-08-25 01:48:09,752 [cateye.recovery.health_monitor] WARNING: [HEALTH] Non-critical component failure
2026-08-25 01:48:16,467 [ownex.bounty_scraper] WARNING: HTTP 404 fetching https://raw.githubusercontent.com/arkadiyt/bounty-targets-data/main/data/hackenproof_data.json: Not Found
2026-08-25 01:48:16,467 [ownex.bounty_scraper] WARNING: BountyTargetsData hackenproof: HTTP 404 fetching https://raw.githubusercontent.com/arkadiyt/bounty-targets-data/main/data/hackenproof_data.json: Not Found
2026-08-25 01:48:18,054 [orion.core.health] INFO: Health: RED — 9/10 checks passed
2026-08-25 01:48:18,054 [cateye.recovery.health_monitor] WARNING: [HEALTH] Non-critical component failure
2026-08-25 01:48:18,423 [ownex.bounty_scraper] INFO: BountyTargetsData: 882 programs across 6 platforms
2026-08-25 01:48:22,048 [ownex.bounty_scraper] INFO: Immunefi: 0 programs scraped
2026-08-25 01:48:22,927 [ownex.bounty_scraper] WARNING: HackenProof: HTTP 403
2026-08-25 01:48:23,217 [ownex.bounty_scraper] WARNING: OpenBugBounty page 1: HTTP 403
2026-08-25 01:48:23,217 [ownex.bounty_scraper] INFO: OpenBugBounty: 0 programs scraped
2026-08-25 01:48:26,356 [orion.core.health] INFO: Health: RED — 9/10 checks passed
2026-08-25 01:48:26,356 [cateye.recovery.health_monitor] WARNING: [HEALTH] Non-critical component failure
2026-08-25 01:48:34,658 [orion.core.health] INFO: Health: RED — 9/10 checks passed
2026-08-25 01:48:34,658 [cateye.recovery.health_monitor] WARNING: [HEALTH] Non-critical component failure
2026-08-25 01:48:42,960 [orion.core.health] INFO: Health: RED — 9/10 checks passed
2026-08-25 01:48:42,960 [cateye.recovery.health_monitor] WARNING: [HEALTH] Non-critical component failure
2026-08-25 01:48:51,261 [orion.core.health] INFO: Health: RED — 9/10 checks passed
2026-08-25 01:48:51,262 [cateye.recovery.health_monitor] WARNING: [HEALTH] Non-critical component failure
2026-08-25 01:48:59,563 [orion.core.health] INFO: Health: RED — 9/10 checks passed
2026-08-25 01:48:59,563 [cateye.recovery.health_monitor] WARNING: [HEALTH] Non-critical component failure
2026-08-25 01:49:07,865 [orion.core.health] INFO: Health: RED — 9/10 checks passed
2026-08-25 01:49:07,865 [cateye.recovery.health_monitor] WARNING: [HEALTH] Non-critical component failure
2026-08-25 01:49:11,544 [ownex.bounty_scraper] INFO: GitHub search: skipped (no GITHUB_TOKEN env var)
2026-08-25 01:49:11,959 [ownex.bounty_scraper] WARNING: HackerOne page 1: HTTP Error 400: Bad Request
2026-08-25 01:49:12,510 [ownex.bounty_scraper] WARNING: HackerOne page 2: HTTP Error 400: Bad Request
2026-08-25 01:49:12,510 [ownex.bounty_scraper] INFO: HackerOne: 0 programs scraped
2026-08-25 01:49:13,063 [ownex.bounty_scraper] WARNING: Bugcrowd page 1: HTTP Error 404: Not Found
2026-08-25 01:49:13,614 [ownex.bounty_scraper] WARNING: Bugcrowd page 2: HTTP Error 404: Not Found
2026-08-25 01:49:13,614 [ownex.bounty_scraper] INFO: Bugcrowd: 0 programs scraped
2026-08-25 01:49:14,712 [ownex.bounty_scraper] WARNING: Intigriti page 1: HTTP Error 404: Not Found
2026-08-25 01:49:14,713 [ownex.bounty_scraper] INFO: Intigriti: 0 programs scraped
2026-08-25 01:49:15,676 [ownex.bounty_scraper] WARNING: YesWeHack page 1: HTTP Error 404: Not Found
2026-08-25 01:49:15,676 [ownex.bounty_scraper] INFO: YesWeHack: 0 programs scraped
2026-08-25 01:49:15,679 [ownex.bounty_scraper] INFO: Total: 659 unique reward-offering programs scraped across all sources
2026-08-25 01:49:15,689 [ownex.recovery.circuit_breaker] INFO: [CB] scheduler_status circuit -> closed (success)
2026-08-25 01:49:15,693 [cateye.recovery.engine] INFO: [RECOVERY] scheduler_status recovered via restart_scheduler (74181ms)
2026-08-25 01:49:15,693 [cateye.health.engine] INFO: [HEALTH] Recovery initiated for scheduler_status via RecoveryEngine
2026-08-25 01:49:16,167 [orion.core.health] INFO: Health: RED — 9/10 checks passed
2026-08-25 01:49:16,167 [cateye.recovery.health_monitor] WARNING: [HEALTH] Non-critical component failure
2026-08-25 01:49:16,473 [ownex.recovery.circuit_breaker] INFO: [CB] agents_status circuit -> half_open (cooldown elapsed)
2026-08-25 01:49:16,474 [ownex.optimization.engine] INFO: [OPTIMIZE] health_check_interval: 49 -> 60 (Stable system: reducing health check frequency to 60s)
2026-08-25 01:49:16,475 [cateye.autonomous.engine] INFO: [AUTO+] Executing decision: parameter_tuning (confidence=0.80, action=adjust_health_check_interval)
2026-08-25 01:49:24,468 [orion.core.health] INFO: Health: RED — 9/10 checks passed
2026-08-25 01:49:24,469 [cateye.recovery.health_monitor] WARNING: [HEALTH] Non-critical component failure
2026-08-25 01:49:25,805 [httpx] INFO: HTTP Request: GET http://127.0.0.1:8000/api/health "HTTP/1.1 200 OK"
2026-08-25 01:49:25,814 [httpx] INFO: HTTP Request: GET http://127.0.0.1:8000/api/agents/health "HTTP/1.1 200 OK"
2026-08-25 01:49:25,820 [httpx] INFO: HTTP Request: GET http://127.0.0.1:8000/api/scheduler/status "HTTP/1.1 401 Unauthorized"
2026-08-25 01:49:25,825 [ownex.db] INFO: [DB] Index migration complete
2026-08-25 01:49:25,842 [ownex.db] INFO: [DB] Index migration complete
2026-08-25 01:49:25,848 [ownex.notifications.hub] WARNING: Unknown notification type: system_degraded
2026-08-25 01:49:25,849 [cateye.desktop.notifications] INFO: [NOTIFICATION] System Degraded: 
2026-08-25 01:49:25,853 [cateye.health.engine] INFO: [HEALTH] Status changed to degraded (score=70.0, trend=stable)
2026-08-25 01:49:25,853 [cateye.recovery.engine] WARNING: [RECOVERY] agent_crashed on agents_status: failed ('str' object has no attribute 'get') (action=restart_agent)
2026-08-25 01:49:25,854 [ownex.recovery.circuit_breaker] ERROR: [CB] agents_status circuit -> OPEN (5 failures, cooldown=60s)
2026-08-25 01:49:25,862 [cateye.recovery.engine] ERROR: [RECOVERY] agents_status recovery FAILED via restart_agent (1ms): Agent agents_status not found
2026-08-25 01:49:25,862 [cateye.health.engine] INFO: [HEALTH] Recovery initiated for agents_status via RecoveryEngine
2026-08-25 01:49:25,862 [cateye.recovery.engine] WARNING: [RECOVERY] scheduler_dead on scheduler_status: failed (action=restart_scheduler)
2026-08-25 01:49:25,863 [ownex.scheduler] INFO: Autonomous pipeline scheduler stopped
2026-08-25 01:49:25,863 [ownex.scheduler] INFO: Autonomous pipeline scheduler started (interval=1800s)
2026-08-25 01:49:25,863 [ownex.scheduler] INFO: === Autonomous Pipeline Cycle ===
2026-08-25 01:49:25,863 [ownex.scheduler] INFO: [DISCOVER] Scraping public bug bounty platforms...
2026-08-25 01:49:32,872 [orion.core.health] INFO: Health: RED — 9/10 checks passed
2026-08-25 01:49:32,872 [cateye.recovery.health_monitor] WARNING: [HEALTH] Non-critical component failure
2026-08-25 01:49:36,535 [ownex.bounty_scraper] WARNING: HTTP 404 fetching https://raw.githubusercontent.com/arkadiyt/bounty-targets-data/main/data/hackenproof_data.json: Not Found
2026-08-25 01:49:36,535 [ownex.bounty_scraper] WARNING: BountyTargetsData hackenproof: HTTP 404 fetching https://raw.githubusercontent.com/arkadiyt/bounty-targets-data/main/data/hackenproof_data.json: Not Found
2026-08-25 01:49:38,209 [ownex.bounty_scraper] INFO: BountyTargetsData: 882 programs across 6 platforms
2026-08-25 01:49:40,432 [ownex.bounty_scraper] INFO: Immunefi: 0 programs scraped
2026-08-25 01:49:40,967 [ownex.bounty_scraper] WARNING: HackenProof: HTTP 403
2026-08-25 01:49:41,116 [ownex.bounty_scraper] WARNING: OpenBugBounty page 1: HTTP 403
2026-08-25 01:49:41,116 [ownex.bounty_scraper] INFO: OpenBugBounty: 0 programs scraped
2026-08-25 01:49:41,174 [orion.core.health] INFO: Health: RED — 9/10 checks passed
2026-08-25 01:49:41,174 [cateye.recovery.health_monitor] WARNING: [HEALTH] Non-critical component failure
2026-08-25 01:49:49,476 [orion.core.health] INFO: Health: RED — 9/10 checks passed
2026-08-25 01:49:49,476 [cateye.recovery.health_monitor] WARNING: [HEALTH] Non-critical component failure
2026-08-25 01:49:57,778 [orion.core.health] INFO: Health: RED — 9/10 checks passed
2026-08-25 01:49:57,778 [cateye.recovery.health_monitor] WARNING: [HEALTH] Non-critical component failure
2026-08-25 01:50:06,080 [orion.core.health] INFO: Health: RED — 9/10 checks passed
2026-08-25 01:50:06,080 [cateye.recovery.health_monitor] WARNING: [HEALTH] Non-critical component failure
2026-08-25 01:50:14,381 [orion.core.health] INFO: Health: RED — 9/10 checks passed
2026-08-25 01:50:14,382 [cateye.recovery.health_monitor] WARNING: [HEALTH] Non-critical component failure
2026-08-25 01:50:22,683 [orion.core.health] INFO: Health: RED — 9/10 checks passed
2026-08-25 01:50:22,683 [cateye.recovery.health_monitor] WARNING: [HEALTH] Non-critical component failure
2026-08-25 01:50:29,883 [ownex.bounty_scraper] INFO: GitHub search: skipped (no GITHUB_TOKEN env var)
2026-08-25 01:50:30,985 [orion.core.health] INFO: Health: RED — 9/10 checks passed
2026-08-25 01:50:30,985 [cateye.recovery.health_monitor] WARNING: [HEALTH] Non-critical component failure
2026-08-25 01:50:31,483 [ownex.recovery.circuit_breaker] INFO: [CB] agents_status circuit -> half_open (cooldown elapsed)
2026-08-25 01:50:31,483 [ownex.optimization.engine] INFO: [OPTIMIZE] health_check_interval: 60 -> 60 (Stable system: reducing health check frequency to 60s)
2026-08-25 01:50:31,484 [cateye.autonomous.engine] INFO: [AUTO+] Executing decision: parameter_tuning (confidence=0.80, action=adjust_health_check_interval)
2026-08-25 01:50:31,634 [ownex.bounty_scraper] WARNING: HackerOne page 1: HTTP Error 400: Bad Request
2026-08-25 01:50:33,210 [ownex.bounty_scraper] WARNING: HackerOne page 2: HTTP Error 400: Bad Request
2026-08-25 01:50:33,210 [ownex.bounty_scraper] INFO: HackerOne: 0 programs scraped
2026-08-25 01:50:34,064 [ownex.bounty_scraper] WARNING: Bugcrowd page 1: HTTP Error 404: Not Found
2026-08-25 01:50:34,610 [ownex.bounty_scraper] WARNING: Bugcrowd page 2: HTTP Error 404: Not Found
2026-08-25 01:50:34,611 [ownex.bounty_scraper] INFO: Bugcrowd: 0 programs scraped
2026-08-25 01:50:35,520 [ownex.bounty_scraper] WARNING: Intigriti page 1: HTTP Error 404: Not Found
2026-08-25 01:50:35,520 [ownex.bounty_scraper] INFO: Intigriti: 0 programs scraped
2026-08-25 01:50:36,475 [ownex.bounty_scraper] WARNING: YesWeHack page 1: HTTP Error 404: Not Found
2026-08-25 01:50:36,475 [ownex.bounty_scraper] INFO: YesWeHack: 0 programs scraped
2026-08-25 01:50:36,478 [ownex.bounty_scraper] INFO: Total: 659 unique reward-offering programs scraped across all sources
2026-08-25 01:50:36,487 [ownex.recovery.circuit_breaker] INFO: [CB] scheduler_status circuit -> closed (success)
2026-08-25 01:50:36,492 [cateye.recovery.engine] INFO: [RECOVERY] scheduler_status recovered via restart_scheduler (70618ms)
2026-08-25 01:50:36,492 [cateye.health.engine] INFO: [HEALTH] Recovery initiated for scheduler_status via RecoveryEngine
2026-08-25 01:50:39,287 [orion.core.health] INFO: Health: RED — 9/10 checks passed
2026-08-25 01:50:39,287 [cateye.recovery.health_monitor] WARNING: [HEALTH] Non-critical component failure
2026-08-25 01:50:46,603 [httpx] INFO: HTTP Request: GET http://127.0.0.1:8000/api/health "HTTP/1.1 200 OK"
2026-08-25 01:50:46,615 [httpx] INFO: HTTP Request: GET http://127.0.0.1:8000/api/agents/health "HTTP/1.1 200 OK"
2026-08-25 01:50:46,624 [httpx] INFO: HTTP Request: GET http://127.0.0.1:8000/api/scheduler/status "HTTP/1.1 401 Unauthorized"
2026-08-25 01:50:46,629 [ownex.db] INFO: [DB] Index migration complete
2026-08-25 01:50:46,645 [ownex.db] INFO: [DB] Index migration complete
2026-08-25 01:50:46,652 [ownex.notifications.hub] WARNING: Unknown notification type: system_error
2026-08-25 01:50:46,653 [cateye.desktop.notifications] INFO: [NOTIFICATION] System Error: 
2026-08-25 01:50:46,657 [cateye.health.engine] INFO: [HEALTH] Status changed to critical (score=40.0, trend=stable)
2026-08-25 01:50:46,657 [cateye.recovery.engine] WARNING: [RECOVERY] agent_crashed on agents_status: failed ('str' object has no attribute 'get') (action=restart_agent)
2026-08-25 01:50:46,658 [ownex.recovery.circuit_breaker] ERROR: [CB] agents_status circuit -> OPEN (6 failures, cooldown=60s)
2026-08-25 01:50:46,668 [cateye.recovery.engine] ERROR: [RECOVERY] agents_status recovery FAILED via restart_agent (1ms): Agent agents_status not found
2026-08-25 01:50:46,668 [cateye.health.engine] INFO: [HEALTH] Recovery initiated for agents_status via RecoveryEngine
2026-08-25 01:50:46,668 [cateye.recovery.engine] WARNING: [RECOVERY] scheduler_dead on scheduler_status: failed (action=restart_scheduler)
2026-08-25 01:50:46,669 [ownex.scheduler] INFO: Autonomous pipeline scheduler stopped
2026-08-25 01:50:46,669 [ownex.scheduler] INFO: Autonomous pipeline scheduler started (interval=1800s)
2026-08-25 01:50:46,670 [ownex.scheduler] INFO: === Autonomous Pipeline Cycle ===
2026-08-25 01:50:46,670 [ownex.scheduler] INFO: [DISCOVER] Scraping public bug bounty platforms...
2026-08-25 01:50:47,588 [orion.core.health] INFO: Health: RED — 9/10 checks passed
2026-08-25 01:50:47,589 [cateye.recovery.health_monitor] WARNING: [HEALTH] Non-critical component failure
2026-08-25 01:50:55,890 [orion.core.health] INFO: Health: RED — 9/10 checks passed
2026-08-25 01:50:55,890 [cateye.recovery.health_monitor] WARNING: [HEALTH] Non-critical component failure
2026-08-25 01:51:01,486 [cateye.autonomous.engine] INFO: [AUTO+] Executing decision: degrade_load (confidence=0.70, action=degrade_pipeline_throughput)
2026-08-25 01:51:01,486 [cateye.autonomous.engine] WARNING: [AUTO+] Degrading system load: pausing non-critical pipelines
2026-08-25 01:51:01,486 [ownex.agents.bus] INFO: [EVENTS] autonomous_engine -> research: system.alert (corr=262eb1a5, pri=5)
2026-08-25 01:51:04,192 [orion.core.health] INFO: Health: RED — 9/10 checks passed
2026-08-25 01:51:04,192 [cateye.recovery.health_monitor] WARNING: [HEALTH] Non-critical component failure
2026-08-25 01:51:04,302 [ownex.bounty_scraper] WARNING: HTTP 404 fetching https://raw.githubusercontent.com/arkadiyt/bounty-targets-data/main/data/hackenproof_data.json: Not Found
2026-08-25 01:51:04,302 [ownex.bounty_scraper] WARNING: BountyTargetsData hackenproof: HTTP 404 fetching https://raw.githubusercontent.com/arkadiyt/bounty-targets-data/main/data/hackenproof_data.json: Not Found
2026-08-25 01:51:05,916 [ownex.bounty_scraper] INFO: BountyTargetsData: 882 programs across 6 platforms
2026-08-25 01:51:08,316 [ownex.bounty_scraper] INFO: Immunefi: 0 programs scraped
2026-08-25 01:51:08,790 [ownex.bounty_scraper] WARNING: HackenProof: HTTP 403
2026-08-25 01:51:08,930 [ownex.bounty_scraper] WARNING: OpenBugBounty page 1: HTTP 403
2026-08-25 01:51:08,930 [ownex.bounty_scraper] INFO: OpenBugBounty: 0 programs scraped
2026-08-25 01:51:12,494 [orion.core.health] INFO: Health: RED — 9/10 checks passed
2026-08-25 01:51:12,494 [cateye.recovery.health_monitor] WARNING: [HEALTH] Non-critical component failure
2026-08-25 01:51:16,488 [cateye.autonomous.engine] INFO: [AUTO+] Executing decision: degrade_load (confidence=0.70, action=degrade_pipeline_throughput)
2026-08-25 01:51:16,488 [cateye.autonomous.engine] WARNING: [AUTO+] Degrading system load: pausing non-critical pipelines
2026-08-25 01:51:16,489 [ownex.agents.bus] INFO: [EVENTS] autonomous_engine -> research: system.alert (corr=90c6d92f, pri=5)
2026-08-25 01:51:20,796 [orion.core.health] INFO: Health: RED — 9/10 checks passed
2026-08-25 01:51:20,796 [cateye.recovery.health_monitor] WARNING: [HEALTH] Non-critical component failure
2026-08-25 01:51:29,098 [orion.core.health] INFO: Health: RED — 9/10 checks passed
2026-08-25 01:51:29,099 [cateye.recovery.health_monitor] WARNING: [HEALTH] Non-critical component failure
2026-08-25 01:51:31,491 [cateye.autonomous.engine] INFO: [AUTO+] Executing decision: degrade_load (confidence=0.70, action=degrade_pipeline_throughput)
2026-08-25 01:51:31,491 [cateye.autonomous.engine] WARNING: [AUTO+] Degrading system load: pausing non-critical pipelines
2026-08-25 01:51:31,491 [ownex.agents.bus] INFO: [EVENTS] autonomous_engine -> research: system.alert (corr=a3f8b46f, pri=5)
2026-08-25 01:51:37,400 [orion.core.health] INFO: Health: RED — 9/10 checks passed
2026-08-25 01:51:37,401 [cateye.recovery.health_monitor] WARNING: [HEALTH] Non-critical component failure
2026-08-25 01:51:45,702 [orion.core.health] INFO: Health: RED — 9/10 checks passed
2026-08-25 01:51:45,702 [cateye.recovery.health_monitor] WARNING: [HEALTH] Non-critical component failure
2026-08-25 01:51:46,493 [cateye.autonomous.engine] INFO: [AUTO+] Executing decision: degrade_load (confidence=0.70, action=degrade_pipeline_throughput)
2026-08-25 01:51:46,493 [cateye.autonomous.engine] WARNING: [AUTO+] Degrading system load: pausing non-critical pipelines
2026-08-25 01:51:46,493 [ownex.agents.bus] INFO: [EVENTS] autonomous_engine -> research: system.alert (corr=8523c3e7, pri=5)
2026-08-25 01:51:54,004 [orion.core.health] INFO: Health: RED — 9/10 checks passed
2026-08-25 01:51:54,004 [cateye.recovery.health_monitor] WARNING: [HEALTH] Non-critical component failure
2026-08-25 01:51:57,417 [ownex.bounty_scraper] INFO: GitHub search: skipped (no GITHUB_TOKEN env var)
2026-08-25 01:51:57,850 [ownex.bounty_scraper] WARNING: HackerOne page 1: HTTP Error 400: Bad Request
2026-08-25 01:51:58,263 [ownex.bounty_scraper] WARNING: HackerOne page 2: HTTP Error 400: Bad Request
2026-08-25 01:51:58,263 [ownex.bounty_scraper] INFO: HackerOne: 0 programs scraped
2026-08-25 01:51:58,819 [ownex.bounty_scraper] WARNING: Bugcrowd page 1: HTTP Error 404: Not Found
2026-08-25 01:51:59,383 [ownex.bounty_scraper] WARNING: Bugcrowd page 2: HTTP Error 404: Not Found
2026-08-25 01:51:59,383 [ownex.bounty_scraper] INFO: Bugcrowd: 0 programs scraped
2026-08-25 01:52:00,263 [ownex.bounty_scraper] WARNING: Intigriti page 1: HTTP Error 404: Not Found
2026-08-25 01:52:00,263 [ownex.bounty_scraper] INFO: Intigriti: 0 programs scraped
2026-08-25 01:52:01,513 [ownex.recovery.circuit_breaker] INFO: [CB] agents_status circuit -> half_open (cooldown elapsed)
2026-08-25 01:52:01,513 [ownex.optimization.engine] INFO: [OPTIMIZE] health_check_interval: 60 -> 60 (Stable system: reducing health check frequency to 60s)
2026-08-25 01:52:01,514 [cateye.autonomous.engine] INFO: [AUTO+] Executing decision: degrade_load (confidence=0.70, action=degrade_pipeline_throughput)
2026-08-25 01:52:01,514 [cateye.autonomous.engine] WARNING: [AUTO+] Degrading system load: pausing non-critical pipelines
2026-08-25 01:52:01,514 [ownex.agents.bus] INFO: [EVENTS] autonomous_engine -> research: system.alert (corr=e1cb4360, pri=5)
2026-08-25 01:52:01,515 [cateye.autonomous.engine] INFO: [AUTO+] Executing decision: parameter_tuning (confidence=0.80, action=adjust_health_check_interval)
2026-08-25 01:52:01,664 [ownex.bounty_scraper] WARNING: YesWeHack page 1: HTTP Error 404: Not Found
2026-08-25 01:52:01,664 [ownex.bounty_scraper] INFO: YesWeHack: 0 programs scraped
2026-08-25 01:52:01,667 [ownex.bounty_scraper] INFO: Total: 659 unique reward-offering programs scraped across all sources
2026-08-25 01:52:01,673 [ownex.recovery.circuit_breaker] INFO: [CB] scheduler_status circuit -> closed (success)
2026-08-25 01:52:01,676 [cateye.recovery.engine] INFO: [RECOVERY] scheduler_status recovered via restart_scheduler (75000ms)
2026-08-25 01:52:01,677 [cateye.health.engine] INFO: [HEALTH] Recovery initiated for scheduler_status via RecoveryEngine
2026-08-25 01:52:02,306 [orion.core.health] INFO: Health: RED — 9/10 checks passed
2026-08-25 01:52:02,306 [cateye.recovery.health_monitor] WARNING: [HEALTH] Non-critical component failure
2026-08-25 01:52:10,607 [orion.core.health] INFO: Health: RED — 9/10 checks passed
2026-08-25 01:52:10,607 [cateye.recovery.health_monitor] WARNING: [HEALTH] Non-critical component failure
2026-08-25 01:52:11,787 [httpx] INFO: HTTP Request: GET http://127.0.0.1:8000/api/health "HTTP/1.1 200 OK"
2026-08-25 01:52:11,798 [httpx] INFO: HTTP Request: GET http://127.0.0.1:8000/api/agents/health "HTTP/1.1 200 OK"
2026-08-25 01:52:11,804 [httpx] INFO: HTTP Request: GET http://127.0.0.1:8000/api/scheduler/status "HTTP/1.1 401 Unauthorized"
2026-08-25 01:52:11,809 [ownex.db] INFO: [DB] Index migration complete
2026-08-25 01:52:11,822 [ownex.db] INFO: [DB] Index migration complete
2026-08-25 01:52:11,829 [ownex.notifications.hub] WARNING: Unknown notification type: system_ready
2026-08-25 01:52:11,833 [cateye.health.engine] INFO: [HEALTH] Status changed to recovering (score=20.0, trend=stable)
2026-08-25 01:52:11,833 [cateye.recovery.engine] WARNING: [RECOVERY] agent_crashed on agents_status: failed ('str' object has no attribute 'get') (action=restart_agent)
2026-08-25 01:52:11,834 [ownex.recovery.circuit_breaker] ERROR: [CB] agents_status circuit -> OPEN (7 failures, cooldown=60s)
2026-08-25 01:52:11,841 [cateye.recovery.engine] ERROR: [RECOVERY] agents_status recovery FAILED via restart_agent (1ms): Agent agents_status not found
2026-08-25 01:52:11,841 [cateye.health.engine] INFO: [HEALTH] Recovery initiated for agents_status via RecoveryEngine
2026-08-25 01:52:11,842 [cateye.recovery.engine] WARNING: [RECOVERY] scheduler_dead on scheduler_status: failed (action=restart_scheduler)
2026-08-25 01:52:11,842 [ownex.scheduler] INFO: Autonomous pipeline scheduler stopped
2026-08-25 01:52:11,842 [ownex.scheduler] INFO: Autonomous pipeline scheduler started (interval=1800s)
2026-08-25 01:52:11,843 [ownex.scheduler] INFO: === Autonomous Pipeline Cycle ===
2026-08-25 01:52:11,843 [ownex.scheduler] INFO: [DISCOVER] Scraping public bug bounty platforms...
2026-08-25 01:52:16,517 [cateye.autonomous.engine] INFO: [AUTO+] Executing decision: degrade_load (confidence=0.70, action=degrade_pipeline_throughput)
2026-08-25 01:52:16,517 [cateye.autonomous.engine] WARNING: [AUTO+] Degrading system load: pausing non-critical pipelines
2026-08-25 01:52:16,517 [ownex.agents.bus] INFO: [EVENTS] autonomous_engine -> research: system.alert (corr=9fd1e8ee, pri=5)
2026-08-25 01:52:18,909 [orion.core.health] INFO: Health: RED — 9/10 checks passed
2026-08-25 01:52:18,909 [cateye.recovery.health_monitor] WARNING: [HEALTH] Non-critical component failure
2026-08-25 01:52:26,783 [ownex.bounty_scraper] WARNING: HTTP 404 fetching https://raw.githubusercontent.com/arkadiyt/bounty-targets-data/main/data/hackenproof_data.json: Not Found
2026-08-25 01:52:26,783 [ownex.bounty_scraper] WARNING: BountyTargetsData hackenproof: HTTP 404 fetching https://raw.githubusercontent.com/arkadiyt/bounty-targets-data/main/data/hackenproof_data.json: Not Found
2026-08-25 01:52:27,211 [orion.core.health] INFO: Health: RED — 9/10 checks passed
2026-08-25 01:52:27,211 [cateye.recovery.health_monitor] WARNING: [HEALTH] Non-critical component failure
2026-08-25 01:52:28,208 [ownex.bounty_scraper] INFO: BountyTargetsData: 882 programs across 6 platforms
2026-08-25 01:52:31,068 [ownex.bounty_scraper] INFO: Immunefi: 0 programs scraped
2026-08-25 01:52:31,520 [cateye.autonomous.engine] INFO: [AUTO+] Executing decision: degrade_load (confidence=0.70, action=degrade_pipeline_throughput)
2026-08-25 01:52:31,520 [cateye.autonomous.engine] WARNING: [AUTO+] Degrading system load: pausing non-critical pipelines
2026-08-25 01:52:31,520 [ownex.agents.bus] INFO: [EVENTS] autonomous_engine -> research: system.alert (corr=7a88973e, pri=5)
2026-08-25 01:52:31,838 [ownex.bounty_scraper] WARNING: HackenProof: HTTP 403
2026-08-25 01:52:32,154 [ownex.bounty_scraper] WARNING: OpenBugBounty page 1: HTTP 403
2026-08-25 01:52:32,154 [ownex.bounty_scraper] INFO: OpenBugBounty: 0 programs scraped
2026-08-25 01:52:35,513 [orion.core.health] INFO: Health: RED — 9/10 checks passed
2026-08-25 01:52:35,513 [cateye.recovery.health_monitor] WARNING: [HEALTH] Non-critical component failure
2026-08-25 01:52:43,815 [orion.core.health] INFO: Health: RED — 9/10 checks passed
2026-08-25 01:52:43,815 [cateye.recovery.health_monitor] WARNING: [HEALTH] Non-critical component failure
2026-08-25 01:52:46,522 [cateye.autonomous.engine] INFO: [AUTO+] Executing decision: degrade_load (confidence=0.70, action=degrade_pipeline_throughput)
2026-08-25 01:52:46,522 [cateye.autonomous.engine] WARNING: [AUTO+] Degrading system load: pausing non-critical pipelines
2026-08-25 01:52:46,522 [ownex.agents.bus] INFO: [EVENTS] autonomous_engine -> research: system.alert (corr=bf6fd863, pri=5)
2026-08-25 01:52:52,117 [orion.core.health] INFO: Health: RED — 9/10 checks passed
2026-08-25 01:52:52,117 [cateye.recovery.health_monitor] WARNING: [HEALTH] Non-critical component failure
2026-08-25 01:53:00,418 [orion.core.health] INFO: Health: RED — 9/10 checks passed
2026-08-25 01:53:00,419 [cateye.recovery.health_monitor] WARNING: [HEALTH] Non-critical component failure
2026-08-25 01:53:01,524 [cateye.autonomous.engine] INFO: [AUTO+] Executing decision: degrade_load (confidence=0.70, action=degrade_pipeline_throughput)
2026-08-25 01:53:01,524 [cateye.autonomous.engine] WARNING: [AUTO+] Degrading system load: pausing non-critical pipelines
2026-08-25 01:53:01,524 [ownex.agents.bus] INFO: [EVENTS] autonomous_engine -> research: system.alert (corr=430d5bb2, pri=5)
2026-08-25 01:53:05,789 [cateye.lifespan] INFO: [ORION] Job due: loop:ownex:pulse
2026-08-25 01:53:05,792 [cateye.lifespan] INFO: [ORION] Job due: cateye_promote
2026-08-25 01:53:05,792 [ownex.scheduler] INFO: [PROMOTE] Testing hypotheses against real endpoints...
2026-08-25 01:53:05,813 [ownex.pipeline.hypothesis_bridge] INFO: [PROMOTE] No endpoints with pending hypotheses
2026-08-25 01:53:08,720 [orion.core.health] INFO: Health: RED — 9/10 checks passed
2026-08-25 01:53:08,720 [cateye.recovery.health_monitor] WARNING: [HEALTH] Non-critical component failure
2026-08-25 01:53:16,535 [ownex.recovery.circuit_breaker] INFO: [CB] agents_status circuit -> half_open (cooldown elapsed)
2026-08-25 01:53:16,535 [ownex.optimization.engine] INFO: [OPTIMIZE] health_check_interval: 60 -> 60 (Stable system: reducing health check frequency to 60s)
2026-08-25 01:53:16,536 [cateye.autonomous.engine] INFO: [AUTO+] Executing decision: degrade_load (confidence=0.70, action=degrade_pipeline_throughput)
2026-08-25 01:53:16,536 [cateye.autonomous.engine] WARNING: [AUTO+] Degrading system load: pausing non-critical pipelines
2026-08-25 01:53:16,536 [ownex.agents.bus] INFO: [EVENTS] autonomous_engine -> research: system.alert (corr=6d4367f2, pri=5)
2026-08-25 01:53:16,537 [cateye.autonomous.engine] INFO: [AUTO+] Executing decision: parameter_tuning (confidence=0.80, action=adjust_health_check_interval)
2026-08-25 01:53:17,022 [orion.core.health] INFO: Health: RED — 9/10 checks passed
2026-08-25 01:53:17,022 [cateye.recovery.health_monitor] WARNING: [HEALTH] Non-critical component failure
2026-08-25 01:53:20,519 [ownex.bounty_scraper] INFO: GitHub search: skipped (no GITHUB_TOKEN env var)
2026-08-25 01:53:20,999 [ownex.bounty_scraper] WARNING: HackerOne page 1: HTTP Error 400: Bad Request
2026-08-25 01:53:21,401 [ownex.bounty_scraper] WARNING: HackerOne page 2: HTTP Error 400: Bad Request
2026-08-25 01:53:21,401 [ownex.bounty_scraper] INFO: HackerOne: 0 programs scraped
2026-08-25 01:53:21,940 [ownex.bounty_scraper] WARNING: Bugcrowd page 1: HTTP Error 404: Not Found
2026-08-25 01:53:22,532 [ownex.bounty_scraper] WARNING: Bugcrowd page 2: HTTP Error 404: Not Found
2026-08-25 01:53:22,532 [ownex.bounty_scraper] INFO: Bugcrowd: 0 programs scraped
2026-08-25 01:53:23,436 [ownex.bounty_scraper] WARNING: Intigriti page 1: HTTP Error 404: Not Found
2026-08-25 01:53:23,436 [ownex.bounty_scraper] INFO: Intigriti: 0 programs scraped
2026-08-25 01:53:24,514 [ownex.bounty_scraper] WARNING: YesWeHack page 1: HTTP Error 404: Not Found
2026-08-25 01:53:24,514 [ownex.bounty_scraper] INFO: YesWeHack: 0 programs scraped
2026-08-25 01:53:24,516 [ownex.bounty_scraper] INFO: Total: 659 unique reward-offering programs scraped across all sources
2026-08-25 01:53:24,523 [ownex.recovery.circuit_breaker] INFO: [CB] scheduler_status circuit -> closed (success)
2026-08-25 01:53:24,527 [cateye.recovery.engine] INFO: [RECOVERY] scheduler_status recovered via restart_scheduler (72677ms)
2026-08-25 01:53:24,527 [cateye.health.engine] INFO: [HEALTH] Recovery initiated for scheduler_status via RecoveryEngine
2026-08-25 01:53:25,324 [orion.core.health] INFO: Health: RED — 9/10 checks passed
2026-08-25 01:53:25,324 [cateye.recovery.health_monitor] WARNING: [HEALTH] Non-critical component failure
2026-08-25 01:53:31,539 [cateye.autonomous.engine] INFO: [AUTO+] Executing decision: degrade_load (confidence=0.70, action=degrade_pipeline_throughput)
2026-08-25 01:53:31,539 [cateye.autonomous.engine] WARNING: [AUTO+] Degrading system load: pausing non-critical pipelines
2026-08-25 01:53:31,539 [ownex.agents.bus] INFO: [EVENTS] autonomous_engine -> research: system.alert (corr=c16f54ad, pri=5)
2026-08-25 01:53:33,626 [orion.core.health] INFO: Health: RED — 9/10 checks passed
2026-08-25 01:53:33,626 [cateye.recovery.health_monitor] WARNING: [HEALTH] Non-critical component failure
2026-08-25 01:53:34,638 [httpx] INFO: HTTP Request: GET http://127.0.0.1:8000/api/health "HTTP/1.1 200 OK"
2026-08-25 01:53:34,646 [httpx] INFO: HTTP Request: GET http://127.0.0.1:8000/api/agents/health "HTTP/1.1 200 OK"
2026-08-25 01:53:34,653 [httpx] INFO: HTTP Request: GET http://127.0.0.1:8000/api/scheduler/status "HTTP/1.1 401 Unauthorized"
2026-08-25 01:53:34,658 [ownex.db] INFO: [DB] Index migration complete
2026-08-25 01:53:34,671 [ownex.db] INFO: [DB] Index migration complete
2026-08-25 01:53:34,678 [ownex.notifications.hub] WARNING: Unknown notification type: system_ready
2026-08-25 01:53:34,686 [cateye.recovery.engine] WARNING: [RECOVERY] agent_crashed on agents_status: failed ('str' object has no attribute 'get') (action=restart_agent)
2026-08-25 01:53:34,686 [ownex.recovery.circuit_breaker] ERROR: [CB] agents_status circuit -> OPEN (8 failures, cooldown=60s)
2026-08-25 01:53:34,693 [cateye.recovery.engine] ERROR: [RECOVERY] agents_status recovery FAILED via restart_agent (1ms): Agent agents_status not found
2026-08-25 01:53:34,693 [cateye.health.engine] INFO: [HEALTH] Recovery initiated for agents_status via RecoveryEngine
2026-08-25 01:53:34,693 [cateye.recovery.engine] WARNING: [RECOVERY] scheduler_dead on scheduler_status: failed (action=restart_scheduler)
2026-08-25 01:53:34,694 [ownex.scheduler] INFO: Autonomous pipeline scheduler stopped
2026-08-25 01:53:34,694 [ownex.scheduler] INFO: Autonomous pipeline scheduler started (interval=1800s)
2026-08-25 01:53:34,694 [ownex.scheduler] INFO: === Autonomous Pipeline Cycle ===
2026-08-25 01:53:34,694 [ownex.scheduler] INFO: [DISCOVER] Scraping public bug bounty platforms...
2026-08-25 01:53:41,928 [orion.core.health] INFO: Health: RED — 9/10 checks passed
2026-08-25 01:53:41,928 [cateye.recovery.health_monitor] WARNING: [HEALTH] Non-critical component failure
2026-08-25 01:53:46,155 [ownex.bounty_scraper] WARNING: HTTP 404 fetching https://raw.githubusercontent.com/arkadiyt/bounty-targets-data/main/data/hackenproof_data.json: Not Found
2026-08-25 01:53:46,156 [ownex.bounty_scraper] WARNING: BountyTargetsData hackenproof: HTTP 404 fetching https://raw.githubusercontent.com/arkadiyt/bounty-targets-data/main/data/hackenproof_data.json: Not Found
2026-08-25 01:53:46,541 [cateye.autonomous.engine] INFO: [AUTO+] Executing decision: degrade_load (confidence=0.70, action=degrade_pipeline_throughput)
2026-08-25 01:53:46,541 [cateye.autonomous.engine] WARNING: [AUTO+] Degrading system load: pausing non-critical pipelines
2026-08-25 01:53:46,541 [ownex.agents.bus] INFO: [EVENTS] autonomous_engine -> research: system.alert (corr=d25a9c46, pri=5)
2026-08-25 01:53:47,919 [ownex.bounty_scraper] INFO: BountyTargetsData: 882 programs across 6 platforms
2026-08-25 01:53:50,229 [orion.core.health] INFO: Health: RED — 9/10 checks passed
2026-08-25 01:53:50,229 [cateye.recovery.health_monitor] WARNING: [HEALTH] Non-critical component failure
2026-08-25 01:53:52,362 [ownex.bounty_scraper] INFO: Immunefi: 0 programs scraped
2026-08-25 01:53:52,869 [ownex.bounty_scraper] WARNING: HackenProof: HTTP 403
2026-08-25 01:53:53,027 [ownex.bounty_scraper] WARNING: OpenBugBounty page 1: HTTP 403
2026-08-25 01:53:53,027 [ownex.bounty_scraper] INFO: OpenBugBounty: 0 programs scraped
2026-08-25 01:53:58,531 [orion.core.health] INFO: Health: RED — 9/10 checks passed
2026-08-25 01:53:58,531 [cateye.recovery.health_monitor] WARNING: [HEALTH] Non-critical component failure
2026-08-25 01:54:01,543 [cateye.autonomous.engine] INFO: [AUTO+] Executing decision: degrade_load (confidence=0.70, action=degrade_pipeline_throughput)
2026-08-25 01:54:01,543 [cateye.autonomous.engine] WARNING: [AUTO+] Degrading system load: pausing non-critical pipelines
2026-08-25 01:54:01,543 [ownex.agents.bus] INFO: [EVENTS] autonomous_engine -> research: system.alert (corr=239b1b50, pri=5)
2026-08-25 01:54:06,833 [orion.core.health] INFO: Health: RED — 9/10 checks passed
2026-08-25 01:54:06,833 [cateye.recovery.health_monitor] WARNING: [HEALTH] Non-critical component failure
2026-08-25 01:54:15,135 [orion.core.health] INFO: Health: RED — 9/10 checks passed
2026-08-25 01:54:15,135 [cateye.recovery.health_monitor] WARNING: [HEALTH] Non-critical component failure
2026-08-25 01:54:16,545 [cateye.autonomous.engine] INFO: [AUTO+] Executing decision: degrade_load (confidence=0.70, action=degrade_pipeline_throughput)
2026-08-25 01:54:16,545 [cateye.autonomous.engine] WARNING: [AUTO+] Degrading system load: pausing non-critical pipelines
2026-08-25 01:54:16,546 [ownex.agents.bus] INFO: [EVENTS] autonomous_engine -> research: system.alert (corr=a0cf1a54, pri=5)
2026-08-25 01:54:23,436 [orion.core.health] INFO: Health: RED — 9/10 checks passed
2026-08-25 01:54:23,436 [cateye.recovery.health_monitor] WARNING: [HEALTH] Non-critical component failure
2026-08-25 01:54:31,548 [cateye.autonomous.engine] INFO: [AUTO+] Executing decision: degrade_load (confidence=0.70, action=degrade_pipeline_throughput)
2026-08-25 01:54:31,548 [cateye.autonomous.engine] WARNING: [AUTO+] Degrading system load: pausing non-critical pipelines
2026-08-25 01:54:31,548 [ownex.agents.bus] INFO: [EVENTS] autonomous_engine -> research: system.alert (corr=5d9227fd, pri=5)
2026-08-25 01:54:31,738 [orion.core.health] INFO: Health: RED — 9/10 checks passed
2026-08-25 01:54:31,738 [cateye.recovery.health_monitor] WARNING: [HEALTH] Non-critical component failure
2026-08-25 01:54:40,040 [orion.core.health] INFO: Health: RED — 9/10 checks passed
2026-08-25 01:54:40,040 [cateye.recovery.health_monitor] WARNING: [HEALTH] Non-critical component failure
2026-08-25 01:54:41,451 [ownex.bounty_scraper] INFO: GitHub search: skipped (no GITHUB_TOKEN env var)
2026-08-25 01:54:42,134 [ownex.bounty_scraper] WARNING: HackerOne page 1: HTTP Error 400: Bad Request
2026-08-25 01:54:42,787 [ownex.bounty_scraper] WARNING: HackerOne page 2: HTTP Error 400: Bad Request
2026-08-25 01:54:42,787 [ownex.bounty_scraper] INFO: HackerOne: 0 programs scraped
2026-08-25 01:54:43,577 [ownex.bounty_scraper] WARNING: Bugcrowd page 1: HTTP Error 404: Not Found
2026-08-25 01:54:44,170 [ownex.bounty_scraper] WARNING: Bugcrowd page 2: HTTP Error 404: Not Found
2026-08-25 01:54:44,170 [ownex.bounty_scraper] INFO: Bugcrowd: 0 programs scraped
2026-08-25 01:54:45,326 [ownex.bounty_scraper] WARNING: Intigriti page 1: HTTP Error 404: Not Found
2026-08-25 01:54:45,327 [ownex.bounty_scraper] INFO: Intigriti: 0 programs scraped
2026-08-25 01:54:46,304 [ownex.bounty_scraper] WARNING: YesWeHack page 1: HTTP Error 404: Not Found
2026-08-25 01:54:46,304 [ownex.bounty_scraper] INFO: YesWeHack: 0 programs scraped
2026-08-25 01:54:46,306 [ownex.bounty_scraper] INFO: Total: 659 unique reward-offering programs scraped across all sources
2026-08-25 01:54:46,312 [ownex.recovery.circuit_breaker] INFO: [CB] scheduler_status circuit -> closed (success)
2026-08-25 01:54:46,317 [cateye.recovery.engine] INFO: [RECOVERY] scheduler_status recovered via restart_scheduler (71615ms)
2026-08-25 01:54:46,317 [cateye.health.engine] INFO: [HEALTH] Recovery initiated for scheduler_status via RecoveryEngine
2026-08-25 01:54:46,554 [ownex.recovery.circuit_breaker] INFO: [CB] agents_status circuit -> half_open (cooldown elapsed)
2026-08-25 01:54:46,555 [ownex.optimization.engine] INFO: [OPTIMIZE] health_check_interval: 60 -> 60 (Stable system: reducing health check frequency to 60s)
2026-08-25 01:54:46,556 [cateye.autonomous.engine] INFO: [AUTO+] Executing decision: degrade_load (confidence=0.70, action=degrade_pipeline_throughput)
2026-08-25 01:54:46,556 [cateye.autonomous.engine] WARNING: [AUTO+] Degrading system load: pausing non-critical pipelines
2026-08-25 01:54:46,556 [ownex.agents.bus] INFO: [EVENTS] autonomous_engine -> research: system.alert (corr=db91abb1, pri=5)
2026-08-25 01:54:46,556 [cateye.autonomous.engine] INFO: [AUTO+] Executing decision: parameter_tuning (confidence=0.80, action=adjust_health_check_interval)
2026-08-25 01:54:48,342 [orion.core.health] INFO: Health: RED — 9/10 checks passed
2026-08-25 01:54:48,342 [cateye.recovery.health_monitor] WARNING: [HEALTH] Non-critical component failure
2026-08-25 01:54:56,427 [httpx] INFO: HTTP Request: GET http://127.0.0.1:8000/api/health "HTTP/1.1 200 OK"
2026-08-25 01:54:56,436 [httpx] INFO: HTTP Request: GET http://127.0.0.1:8000/api/agents/health "HTTP/1.1 200 OK"
2026-08-25 01:54:56,442 [httpx] INFO: HTTP Request: GET http://127.0.0.1:8000/api/scheduler/status "HTTP/1.1 401 Unauthorized"
2026-08-25 01:54:56,447 [ownex.db] INFO: [DB] Index migration complete
2026-08-25 01:54:56,460 [ownex.db] INFO: [DB] Index migration complete
2026-08-25 01:54:56,467 [ownex.notifications.hub] WARNING: Unknown notification type: system_ready
2026-08-25 01:54:56,472 [cateye.recovery.engine] WARNING: [RECOVERY] agent_crashed on agents_status: failed ('str' object has no attribute 'get') (action=restart_agent)
2026-08-25 01:54:56,473 [ownex.recovery.circuit_breaker] ERROR: [CB] agents_status circuit -> OPEN (9 failures, cooldown=60s)
2026-08-25 01:54:56,480 [cateye.recovery.engine] ERROR: [RECOVERY] agents_status recovery FAILED via restart_agent (1ms): Agent agents_status not found
2026-08-25 01:54:56,480 [cateye.health.engine] INFO: [HEALTH] Recovery initiated for agents_status via RecoveryEngine
2026-08-25 01:54:56,480 [cateye.recovery.engine] WARNING: [RECOVERY] scheduler_dead on scheduler_status: failed (action=restart_scheduler)
2026-08-25 01:54:56,481 [ownex.scheduler] INFO: Autonomous pipeline scheduler stopped
2026-08-25 01:54:56,481 [ownex.scheduler] INFO: Autonomous pipeline scheduler started (interval=1800s)
2026-08-25 01:54:56,481 [ownex.scheduler] INFO: === Autonomous Pipeline Cycle ===
2026-08-25 01:54:56,482 [ownex.scheduler] INFO: [DISCOVER] Scraping public bug bounty platforms...
2026-08-25 01:54:56,643 [orion.core.health] INFO: Health: RED — 9/10 checks passed
2026-08-25 01:54:56,644 [cateye.recovery.health_monitor] WARNING: [HEALTH] Non-critical component failure
2026-08-25 01:55:01,558 [cateye.autonomous.engine] INFO: [AUTO+] Executing decision: degrade_load (confidence=0.70, action=degrade_pipeline_throughput)
2026-08-25 01:55:01,558 [cateye.autonomous.engine] WARNING: [AUTO+] Degrading system load: pausing non-critical pipelines
2026-08-25 01:55:01,558 [ownex.agents.bus] INFO: [EVENTS] autonomous_engine -> research: system.alert (corr=d5c5c617, pri=5)
2026-08-25 01:55:04,945 [orion.core.health] INFO: Health: RED — 9/10 checks passed
2026-08-25 01:55:04,946 [cateye.recovery.health_monitor] WARNING: [HEALTH] Non-critical component failure
2026-08-25 01:55:07,527 [ownex.bounty_scraper] WARNING: HTTP 404 fetching https://raw.githubusercontent.com/arkadiyt/bounty-targets-data/main/data/hackenproof_data.json: Not Found
2026-08-25 01:55:07,528 [ownex.bounty_scraper] WARNING: BountyTargetsData hackenproof: HTTP 404 fetching https://raw.githubusercontent.com/arkadiyt/bounty-targets-data/main/data/hackenproof_data.json: Not Found
2026-08-25 01:55:08,991 [ownex.bounty_scraper] INFO: BountyTargetsData: 882 programs across 6 platforms
2026-08-25 01:55:12,934 [ownex.bounty_scraper] INFO: Immunefi: 0 programs scraped
2026-08-25 01:55:13,247 [orion.core.health] INFO: Health: RED — 9/10 checks passed
2026-08-25 01:55:13,247 [cateye.recovery.health_monitor] WARNING: [HEALTH] Non-critical component failure
2026-08-25 01:55:13,500 [ownex.bounty_scraper] WARNING: HackenProof: HTTP 403
2026-08-25 01:55:13,746 [ownex.bounty_scraper] WARNING: OpenBugBounty page 1: HTTP 403
2026-08-25 01:55:13,746 [ownex.bounty_scraper] INFO: OpenBugBounty: 0 programs scraped
2026-08-25 01:55:16,561 [cateye.autonomous.engine] INFO: [AUTO+] Executing decision: degrade_load (confidence=0.70, action=degrade_pipeline_throughput)
2026-08-25 01:55:16,561 [cateye.autonomous.engine] WARNING: [AUTO+] Degrading system load: pausing non-critical pipelines
2026-08-25 01:55:16,561 [ownex.agents.bus] INFO: [EVENTS] autonomous_engine -> research: system.alert (corr=82157cd5, pri=5)
2026-08-25 01:55:21,549 [orion.core.health] INFO: Health: RED — 9/10 checks passed
2026-08-25 01:55:21,549 [cateye.recovery.health_monitor] WARNING: [HEALTH] Non-critical component failure
2026-08-25 01:55:29,851 [orion.core.health] INFO: Health: RED — 9/10 checks passed
2026-08-25 01:55:29,851 [cateye.recovery.health_monitor] WARNING: [HEALTH] Non-critical component failure
2026-08-25 01:55:31,563 [cateye.autonomous.engine] INFO: [AUTO+] Executing decision: degrade_load (confidence=0.70, action=degrade_pipeline_throughput)
2026-08-25 01:55:31,563 [cateye.autonomous.engine] WARNING: [AUTO+] Degrading system load: pausing non-critical pipelines
2026-08-25 01:55:31,564 [ownex.agents.bus] INFO: [EVENTS] autonomous_engine -> research: system.alert (corr=9aad3fc6, pri=5)
2026-08-25 01:55:38,153 [orion.core.health] INFO: Health: RED — 9/10 checks passed
2026-08-25 01:55:38,153 [cateye.recovery.health_monitor] WARNING: [HEALTH] Non-critical component failure
2026-08-25 01:55:46,455 [orion.core.health] INFO: Health: RED — 9/10 checks passed
2026-08-25 01:55:46,455 [cateye.recovery.health_monitor] WARNING: [HEALTH] Non-critical component failure
2026-08-25 01:55:46,566 [cateye.autonomous.engine] INFO: [AUTO+] Executing decision: degrade_load (confidence=0.70, action=degrade_pipeline_throughput)
2026-08-25 01:55:46,566 [cateye.autonomous.engine] WARNING: [AUTO+] Degrading system load: pausing non-critical pipelines
2026-08-25 01:55:46,566 [ownex.agents.bus] INFO: [EVENTS] autonomous_engine -> research: system.alert (corr=8e0deb09, pri=5)
2026-08-25 01:55:54,756 [orion.core.health] INFO: Health: RED — 9/10 checks passed
2026-08-25 01:55:54,757 [cateye.recovery.health_monitor] WARNING: [HEALTH] Non-critical component failure
2026-08-25 01:56:01,573 [ownex.recovery.circuit_breaker] INFO: [CB] agents_status circuit -> half_open (cooldown elapsed)
2026-08-25 01:56:01,573 [ownex.optimization.engine] INFO: [OPTIMIZE] health_check_interval: 60 -> 60 (Stable system: reducing health check frequency to 60s)
2026-08-25 01:56:01,574 [cateye.autonomous.engine] INFO: [AUTO+] Executing decision: degrade_load (confidence=0.70, action=degrade_pipeline_throughput)
2026-08-25 01:56:01,574 [cateye.autonomous.engine] WARNING: [AUTO+] Degrading system load: pausing non-critical pipelines
2026-08-25 01:56:01,574 [ownex.agents.bus] INFO: [EVENTS] autonomous_engine -> research: system.alert (corr=dfeab414, pri=5)
2026-08-25 01:56:01,575 [cateye.autonomous.engine] INFO: [AUTO+] Executing decision: parameter_tuning (confidence=0.80, action=adjust_health_check_interval)
2026-08-25 01:56:02,165 [ownex.bounty_scraper] INFO: GitHub search: skipped (no GITHUB_TOKEN env var)
2026-08-25 01:56:02,707 [ownex.bounty_scraper] WARNING: HackerOne page 1: HTTP Error 400: Bad Request
2026-08-25 01:56:03,058 [orion.core.health] INFO: Health: RED — 9/10 checks passed
2026-08-25 01:56:03,058 [cateye.recovery.health_monitor] WARNING: [HEALTH] Non-critical component failure
2026-08-25 01:56:03,184 [ownex.bounty_scraper] WARNING: HackerOne page 2: HTTP Error 400: Bad Request
2026-08-25 01:56:03,184 [ownex.bounty_scraper] INFO: HackerOne: 0 programs scraped
2026-08-25 01:56:03,993 [ownex.bounty_scraper] WARNING: Bugcrowd page 1: HTTP Error 404: Not Found
2026-08-25 01:56:04,606 [ownex.bounty_scraper] WARNING: Bugcrowd page 2: HTTP Error 404: Not Found
2026-08-25 01:56:04,606 [ownex.bounty_scraper] INFO: Bugcrowd: 0 programs scraped
2026-08-25 01:56:05,828 [ownex.bounty_scraper] WARNING: Intigriti page 1: HTTP Error 404: Not Found
2026-08-25 01:56:05,828 [ownex.bounty_scraper] INFO: Intigriti: 0 programs scraped
2026-08-25 01:56:06,991 [ownex.bounty_scraper] WARNING: YesWeHack page 1: HTTP Error 404: Not Found
2026-08-25 01:56:06,992 [ownex.bounty_scraper] INFO: YesWeHack: 0 programs scraped
2026-08-25 01:56:06,994 [ownex.bounty_scraper] INFO: Total: 659 unique reward-offering programs scraped across all sources
2026-08-25 01:56:07,000 [ownex.recovery.circuit_breaker] INFO: [CB] scheduler_status circuit -> closed (success)
2026-08-25 01:56:07,005 [cateye.recovery.engine] INFO: [RECOVERY] scheduler_status recovered via restart_scheduler (70516ms)
2026-08-25 01:56:07,005 [cateye.health.engine] INFO: [HEALTH] Recovery initiated for scheduler_status via RecoveryEngine
2026-08-25 01:56:07,005 [cateye.health.engine] WARNING: [HEALTH] Possible freeze detected — identical status across 3 checks
2026-08-25 01:56:07,005 [cateye.health.engine] CRITICAL: [HEALTH] SYSTEM FROZEN — initiating emergency recovery
2026-08-25 01:56:07,005 [cateye.recovery.engine] WARNING: [RECOVERY] api_unresponsive on api_status: System frozen (action=restart_api_server)
2026-08-25 01:56:07,012 [core.self_update.system] INFO: Restarting with command: /home/adriel/projects/Rastro/.venv/bin/python3.14 /home/adriel/projects/Rastro/run.py
2026-08-25 01:56:09,023 [ownex.recovery.circuit_breaker] INFO: [CB] api_status circuit -> closed (success)
2026-08-25 01:56:09,030 [cateye.recovery.engine] INFO: [RECOVERY] api_status recovered via restart_api_server (2007ms)
2026-08-25 01:56:09,030 [cateye.health.engine] INFO: [HEALTH] Recovery initiated for api_status via RecoveryEngine
2026-08-25 01:56:09,030 [cateye.recovery.engine] WARNING: [RECOVERY] agent_crashed on agents_status: System frozen (action=restart_agent)
2026-08-25 01:56:09,031 [ownex.recovery.circuit_breaker] ERROR: [CB] agents_status circuit -> OPEN (10 failures, cooldown=60s)
2026-08-25 01:56:09,038 [cateye.recovery.engine] ERROR: [RECOVERY] agents_status recovery FAILED via restart_agent (1ms): Agent agents_status not found
2026-08-25 01:56:09,038 [cateye.health.engine] INFO: [HEALTH] Recovery initiated for agents_status via RecoveryEngine
2026-08-25 01:56:09,038 [cateye.recovery.engine] WARNING: [RECOVERY] scheduler_dead on scheduler_status: System frozen (action=restart_scheduler)
2026-08-25 01:56:09,039 [ownex.scheduler] INFO: Autonomous pipeline scheduler stopped
2026-08-25 01:56:09,039 [ownex.scheduler] INFO: Autonomous pipeline scheduler started (interval=1800s)
2026-08-25 01:56:09,040 [ownex.scheduler] INFO: === Autonomous Pipeline Cycle ===
2026-08-25 01:56:09,040 [ownex.scheduler] INFO: [DISCOVER] Scraping public bug bounty platforms...
2026-08-25 01:56:11,360 [orion.core.health] INFO: Health: RED — 9/10 checks passed
2026-08-25 01:56:11,360 [cateye.recovery.health_monitor] WARNING: [HEALTH] Non-critical component failure
2026-08-25 01:56:12,967 [cateye.desktop] INFO: [BOOT] CATEYE Desktop — PID: 94510
2026-08-25 01:56:12,967 [cateye.desktop] INFO: [BOOT] Frozen: False, Python: 3.14.4, OS: linux
2026-08-25 01:56:12,972 [cateye.desktop] INFO: [BOOT] Backend port: 8000
2026-08-25 01:56:12,972 [cateye.desktop] INFO: [API] Starting API server
2026-08-25 01:56:12,982 [cateye.desktop] INFO: [FRONTEND] Frontend mounted from /home/adriel/projects/Rastro/frontend/dist (routes: 2)
2026-08-25 01:56:12,983 [cateye.desktop] INFO: [API] Server thread started on 127.0.0.1:8000
2026-08-25 01:56:12,983 [cateye.desktop] INFO: [API] Server listening on 127.0.0.1:8000
2026-08-25 01:56:13,197 [ownex.db] INFO: [DB] Index migration complete
2026-08-25 01:56:13,197 [ownex.api] INFO: [BOOT] Database initialized
2026-08-25 01:56:13,197 [ownex.events] INFO: Event bus initialized (persistent)
2026-08-25 01:56:13,197 [ownex.api] INFO: [BOOT] EventBus ready
2026-08-25 01:56:13,203 [httpx] INFO: HTTP Request: GET http://127.0.0.1:8000/api/health "HTTP/1.1 200 OK"
2026-08-25 01:56:13,203 [cateye.desktop] INFO: [HEALTHY] Backend healthy on port 8000
2026-08-25 01:56:13,204 [cateye.desktop] INFO: [BOOT] Session — device_id from settings: ADRI-6806b990
2026-08-25 01:56:13,204 [ownex.api] INFO: [BOOT] Background initialization scheduled
2026-08-25 01:56:13,217 [cateye.desktop] INFO: [BOOT] Session — calling manager.authenticate (device=ADRI-6806b990)
2026-08-25 01:56:13,218 [cateye.product_rules] WARNING: [ERROR] scorecard-reachable: Scorecard has no data yet (expected on first boot)
2026-08-25 01:56:13,218 [cateye.lifespan] INFO: [BG-INIT] enforce_on_startup done
2026-08-25 01:56:13,225 [cateye.identity] INFO: Restored identity: 38e6c930-0700-4546-b877-37ef1092c1d4
2026-08-25 01:56:13,225 [cateye.lifespan] INFO: [BG-INIT] Identity: 38e6c930-0700-4546-b877-37ef1092c1d4
2026-08-25 01:56:13,226 [cateye.lifespan] INFO: [BG-INIT] identity done
2026-08-25 01:56:13,228 [orion.core.system.temp_manager] INFO: TempManager initialized: base=/tmp/ownex, max=5368709120 bytes
2026-08-25 01:56:13,228 [cateye.lifespan] INFO: [BG-INIT] temp_manager done
2026-08-25 01:56:13,228 [ownex.authhub.hub] INFO: AuthHub initialized
2026-08-25 01:56:13,228 [cateye.identity_vault] INFO: Loaded identity vault from /home/adriel/.orion/identity_vault.json (3 entries)
2026-08-25 01:56:13,229 [cateye.lifespan] INFO: [BG-INIT] authhub done
2026-08-25 01:56:13,229 [ownex.orchestrator.assistant] INFO: Suppressed 0 noise items (threshold=0.15)
2026-08-25 01:56:13,229 [cateye.lifespan] INFO: [BG-INIT] orchestrator done
2026-08-25 01:56:13,229 [cateye.lifespan] INFO: [BG-INIT] trackers done
2026-08-25 01:56:13,265 [cateye.desktop] INFO: [BOOT] Session — authenticate result keys: ['token', 'refresh', 'device_id', 'user_id', 'existing']
2026-08-25 01:56:13,265 [cateye.desktop] INFO: [BOOT] Session — token obtained: eyJkYXRhIjp7Im1ldGEi...
2026-08-25 01:56:13,266 [cateye.lifespan] INFO: [BG-INIT] scorecard done
2026-08-25 01:56:13,266 [cateye.lifespan] INFO: [BG-INIT] explainability done
2026-08-25 01:56:13,266 [cateye.lifespan] INFO: [BG-INIT] memory_stores done
2026-08-25 01:56:13,267 [cateye.desktop] INFO: [BOOT] Session — stored token check: OK
2026-08-25 01:56:13,267 [cateye.desktop] INFO: [BOOT] Desktop session created (device=ADRI-6806b990)
2026-08-25 01:56:13,267 [cateye.desktop] INFO: [READY] CATEYE Desktop ready (desktop window)
2026-08-25 01:56:13,278 [core.self_healing.system] INFO: Starting system validation
2026-08-25 01:56:13,285 [cateye.desktop] INFO: [BROWSER] Opening desktop window -> http://127.0.0.1:8000/?token=eyJkYXRhIjp7Im1ldGEiOnsiZGVza3RvcCI6dHJ1ZSwiZnJvemVuIjpmYWxzZSwicG9ydCI6ODAwMH0sInN1YiI6IkFEUkktNjgwNmI5OTAifSwiZXhwIjoxNzg3NjkyODE5LCJpYXQiOjE3ODc2MDY0MTl9.1619e572a5c4686091056b2e189c28324b367db21c08807d5fd0b94dfea388aa&device_id=ADRI-6806b990
2026-08-25 01:56:13,285 [cateye.desktop] INFO: [BROWSER] webview.create_window() starting...
2026-08-25 01:56:13,285 [cateye.desktop] INFO: [BROWSER] Desktop window failed ('Window' object has no attribute 'closed'), falling back to browser
2026-08-25 01:56:13,285 [uvicorn.error] ERROR: [Errno 98] error while attempting to bind on address ('127.0.0.1', 8000): [errno 98] address already in use
2026-08-25 01:56:13,286 [ownex.api] INFO: [SHUTDOWN] Starting graceful shutdown...
2026-08-25 01:56:13,286 [cateye.desktop] INFO: [BOOT] Desktop UI unavailable, browser mode activated.
2026-08-25 01:56:13,290 [cateye.autonomous.engine] INFO: [AUTO+] AUTONOMOUS+ mode disabled
2026-08-25 01:56:13,291 [cateye.autonomous.engine] INFO: [AUTO+] Engine stopped
2026-08-25 01:56:13,291 [ownex.api] INFO: [BOOT] AUTONOMOUS+ engine stopped
2026-08-25 01:56:13,365 [cateye.health.engine] INFO: [HEALTH] Engine stopped
2026-08-25 01:56:13,365 [ownex.api] INFO: [BOOT] System health engine stopped
2026-08-25 01:56:13,366 [ownex.optimization.engine] INFO: [OPTIMIZE] Engine stopped
2026-08-25 01:56:13,366 [ownex.api] INFO: [BOOT] Auto-optimization engine stopped
2026-08-25 01:56:13,368 [ownex.version_backup] INFO: [VERSION BACKUP] Using shared SQLite storage (recovery_history.db)
2026-08-25 01:56:13,368 [cateye.recovery.engine] INFO: [RECOVERY ENGINE] Version backup system integrated for rollback recovery
2026-08-25 01:56:13,368 [cateye.recovery.health_monitor] INFO: [HEALTH] Monitor stopped
2026-08-25 01:56:13,368 [cateye.recovery.engine] INFO: [RECOVERY] Engine stopped
2026-08-25 01:56:13,368 [ownex.api] INFO: [BOOT] Recovery engine and health monitor stopped
2026-08-25 01:56:13,368 [ownex.agents] INFO: [AGENTS] All agents stopped
2026-08-25 01:56:13,369 [ownex.api] INFO: [BOOT] All agents stopped
2026-08-25 01:56:13,389 [ownex.api] INFO: [OPS] Operations system stopped
2026-08-25 01:56:13,389 [cateye.operations] INFO: Notification poller stop signal sent
2026-08-25 01:56:13,389 [ownex.api] INFO: [SHUTDOWN] Complete
2026-08-25 01:56:13,742 [cateye.desktop.updater] WARNING: Failed to check for updates: HTTP Error 404: Not Found
2026-08-25 01:56:15,058 [ownex.desktop.browser_opener] INFO: Opened browser: http://127.0.0.1:8000/?token=eyJkYXRhIjp7Im1ldGEiOnsiZGVza3RvcCI6dHJ1ZSwiZnJvemVuIjpmYWxzZSwicG9ydCI6ODAwMH0sInN1YiI6IkFEUkktNjgwNmI5OTAifSwiZXhwIjoxNzg3NjkyODE5LCJpYXQiOjE3ODc2MDY0MTl9.1619e572a5c4686091056b2e189c28324b367db21c08807d5fd0b94dfea388aa&device_id=ADRI-6806b990&onboarding=1
2026-08-25 01:56:15,059 [cateye.desktop] INFO: [BROWSER] Dashboard opened in browser
2026-08-25 01:56:15,085 [cateye.desktop.notifications] INFO: [NOTIFICATION] CATEYE: Dashboard ready — opening browser
2026-08-25 01:56:15,259 [cateye.frontend] INFO: serve_root called
2026-08-25 01:56:15,259 [cateye.frontend] INFO:   serving index.html
2026-08-25 01:56:15,278 [cateye.frontend] INFO: serve_frontend called: full_path=assets/index-DrF2yEGH.js
2026-08-25 01:56:15,279 [cateye.frontend] INFO:   serving file: /home/adriel/projects/Rastro/frontend/dist/assets/index-DrF2yEGH.js
2026-08-25 01:56:15,283 [cateye.frontend] INFO: serve_frontend called: full_path=assets/index-vWOXDvai.css
2026-08-25 01:56:15,283 [cateye.frontend] INFO:   serving file: /home/adriel/projects/Rastro/frontend/dist/assets/index-vWOXDvai.css
2026-08-25 01:56:15,287 [cateye.frontend] INFO: serve_frontend called: full_path=manifest.json
2026-08-25 01:56:15,288 [cateye.frontend] INFO:   serving file: /home/adriel/projects/Rastro/frontend/dist/manifest.json
2026-08-25 01:56:15,364 [ownex.api.middleware] INFO: [HW] AuthMiddleware.dispatch: JWT valid, passing request through
2026-08-25 01:56:15,365 [ownex.api.middleware] INFO: [HW] AuthMiddleware.dispatch: JWT valid, passing request through
2026-08-25 01:56:15,369 [cateye.frontend] INFO: serve_frontend called: full_path=api/voice/assistant/replies
2026-08-25 01:56:15,369 [cateye.frontend] INFO:   serving index.html
2026-08-25 01:56:15,373 [cateye.frontend] INFO: serve_frontend called: full_path=api/voice/config
2026-08-25 01:56:15,373 [cateye.frontend] INFO:   serving index.html
2026-08-25 01:56:15,374 [ownex.api.middleware] INFO: [HW] AuthMiddleware.dispatch: JWT valid, passing request through
2026-08-25 01:56:15,374 [ownex.api.middleware] INFO: [HW] AuthMiddleware.dispatch: JWT valid, passing request through
2026-08-25 01:56:15,375 [ownex.api.middleware] INFO: [HW] AuthMiddleware.dispatch: JWT valid, passing request through
2026-08-25 01:56:15,380 [ownex.api.middleware] INFO: [HW] AuthMiddleware.dispatch: JWT valid, passing request through
2026-08-25 01:56:15,391 [ownex.api.middleware] INFO: [HW] AuthMiddleware.dispatch: JWT valid, passing request through
2026-08-25 01:56:15,397 [ownex.api.middleware] INFO: [HW] AuthMiddleware.dispatch: JWT valid, passing request through
2026-08-25 01:56:15,411 [cateye.frontend] INFO: serve_frontend called: full_path=assets/branding/themes/tesla.json
2026-08-25 01:56:15,412 [cateye.frontend] INFO:   serving file: /home/adriel/projects/Rastro/frontend/dist/assets/branding/themes/tesla.json
2026-08-25 01:56:15,413 [cateye.orion.next_action] INFO: [CATEYE] get_next_action called
2026-08-25 01:56:15,420 [cateye.desktop.tray] INFO: System tray started (persistent)
2026-08-25 01:56:15,420 [cateye.desktop] INFO: [TRAY] System tray initialized
2026-08-25 01:56:15,421 [cateye.desktop] INFO: [READY] CATEYE Desktop ready (browser fallback)
2026-08-25 01:56:15,492 [cateye.frontend] INFO: serve_frontend called: full_path=assets/branding/themes/event-horizon.json
2026-08-25 01:56:15,492 [cateye.frontend] INFO:   serving file: /home/adriel/projects/Rastro/frontend/dist/assets/branding/themes/event-horizon.json
2026-08-25 01:56:15,496 [cateye.frontend] INFO: serve_frontend called: full_path=icon-192.png
2026-08-25 01:56:15,496 [cateye.frontend] INFO:   serving file: /home/adriel/projects/Rastro/frontend/dist/icon-192.png
2026-08-25 01:56:15,501 [cateye.frontend] INFO: serve_frontend called: full_path=assets/WelcomePage-CqMG4kY0.js
2026-08-25 01:56:15,502 [cateye.frontend] INFO:   serving file: /home/adriel/projects/Rastro/frontend/dist/assets/WelcomePage-CqMG4kY0.js
2026-08-25 01:56:15,505 [cateye.frontend] INFO: serve_frontend called: full_path=assets/WelcomePage-BDZbwbUg.css
2026-08-25 01:56:15,505 [cateye.frontend] INFO:   serving file: /home/adriel/projects/Rastro/frontend/dist/assets/WelcomePage-BDZbwbUg.css
2026-08-25 01:56:15,540 [cateye.frontend] INFO: serve_frontend called: full_path=assets/branding/themes/neural-flow.json
2026-08-25 01:56:15,540 [cateye.frontend] INFO:   serving file: /home/adriel/projects/Rastro/frontend/dist/assets/branding/themes/neural-flow.json
2026-08-25 01:56:15,594 [pystray._base] ERROR: Failed to dock icon
Traceback (most recent call last):
  File "/home/adriel/projects/Rastro/.venv/lib/python3.14/site-packages/pystray/_xorg.py", line 162, in _update_icon
    self._assert_docked()
    ~~~~~~~~~~~~~~~~~~~^^
  File "/home/adriel/projects/Rastro/.venv/lib/python3.14/site-packages/pystray/_xorg.py", line 395, in _assert_docked
    assert self._systray_manager
           ^^^^^^^^^^^^^^^^^^^^^
AssertionError
2026-08-25 01:56:15,596 [pystray._base] ERROR: Failed to dock icon
Traceback (most recent call last):
  File "/home/adriel/projects/Rastro/.venv/lib/python3.14/site-packages/pystray/_xorg.py", line 143, in _show
    self._assert_docked()
    ~~~~~~~~~~~~~~~~~~~^^
  File "/home/adriel/projects/Rastro/.venv/lib/python3.14/site-packages/pystray/_xorg.py", line 395, in _assert_docked
    assert self._systray_manager
           ^^^^^^^^^^^^^^^^^^^^^
AssertionError
2026-08-25 01:56:15,673 [cateye.frontend] INFO: serve_frontend called: full_path=assets/branding/themes/precision-lab.json
2026-08-25 01:56:15,673 [cateye.frontend] INFO:   serving file: /home/adriel/projects/Rastro/frontend/dist/assets/branding/themes/precision-lab.json
2026-08-25 01:56:15,681 [cateye.frontend] INFO: serve_frontend called: full_path=assets/branding/themes/quantum-glass.json
2026-08-25 01:56:15,682 [cateye.frontend] INFO:   serving file: /home/adriel/projects/Rastro/frontend/dist/assets/branding/themes/quantum-glass.json
2026-08-25 01:56:15,691 [cateye.frontend] INFO: serve_frontend called: full_path=assets/branding/themes/executive-intelligence.json
2026-08-25 01:56:15,691 [cateye.frontend] INFO:   serving file: /home/adriel/projects/Rastro/frontend/dist/assets/branding/themes/executive-intelligence.json
2026-08-25 01:56:16,577 [cateye.autonomous.engine] INFO: [AUTO+] Executing decision: degrade_load (confidence=0.70, action=degrade_pipeline_throughput)
2026-08-25 01:56:16,577 [cateye.autonomous.engine] WARNING: [AUTO+] Degrading system load: pausing non-critical pipelines
2026-08-25 01:56:16,577 [ownex.agents.bus] INFO: [EVENTS] autonomous_engine -> research: system.alert (corr=1238526a, pri=5)
2026-08-25 01:56:17,290 [cateye.frontend] INFO: serve_frontend called: full_path=service-worker.js
2026-08-25 01:56:17,290 [cateye.frontend] INFO:   serving file: /home/adriel/projects/Rastro/frontend/dist/service-worker.js
2026-08-25 01:56:18,132 [core.self_healing.system] INFO: Import validation complete - no issues found
2026-08-25 01:56:19,662 [orion.core.health] INFO: Health: RED — 9/10 checks passed
2026-08-25 01:56:19,662 [cateye.recovery.health_monitor] WARNING: [HEALTH] Non-critical component failure
2026-08-25 01:56:20,380 [ownex.api.middleware] INFO: [HW] AuthMiddleware.dispatch: JWT valid, passing request through
2026-08-25 01:56:20,539 [core.self_healing.system] INFO: System validation complete - all systems healthy
2026-08-25 01:56:21,143 [ownex.bounty_scraper] WARNING: HTTP 404 fetching https://raw.githubusercontent.com/arkadiyt/bounty-targets-data/main/data/hackenproof_data.json: Not Found
2026-08-25 01:56:21,144 [ownex.bounty_scraper] WARNING: BountyTargetsData hackenproof: HTTP 404 fetching https://raw.githubusercontent.com/arkadiyt/bounty-targets-data/main/data/hackenproof_data.json: Not Found
2026-08-25 01:56:22,734 [ownex.bounty_scraper] INFO: BountyTargetsData: 882 programs across 6 platforms
2026-08-25 01:56:25,350 [ownex.bounty_scraper] INFO: Immunefi: 0 programs scraped
2026-08-25 01:56:25,379 [ownex.api.middleware] INFO: [HW] AuthMiddleware.dispatch: JWT valid, passing request through
2026-08-25 01:56:25,944 [ownex.bounty_scraper] WARNING: HackenProof: HTTP 403
2026-08-25 01:56:26,085 [ownex.bounty_scraper] WARNING: OpenBugBounty page 1: HTTP 403
2026-08-25 01:56:26,085 [ownex.bounty_scraper] INFO: OpenBugBounty: 0 programs scraped
2026-08-25 01:56:27,964 [orion.core.health] INFO: Health: RED — 9/10 checks passed
2026-08-25 01:56:27,964 [cateye.recovery.health_monitor] WARNING: [HEALTH] Non-critical component failure
2026-08-25 01:56:30,366 [ownex.api.middleware] INFO: [HW] AuthMiddleware.dispatch: JWT valid, passing request through
2026-08-25 01:56:31,579 [cateye.autonomous.engine] INFO: [AUTO+] Executing decision: degrade_load (confidence=0.70, action=degrade_pipeline_throughput)
2026-08-25 01:56:31,580 [cateye.autonomous.engine] WARNING: [AUTO+] Degrading system load: pausing non-critical pipelines
2026-08-25 01:56:31,580 [ownex.agents.bus] INFO: [EVENTS] autonomous_engine -> research: system.alert (corr=3e6b6f78, pri=5)
2026-08-25 01:56:35,365 [ownex.api.middleware] INFO: [HW] AuthMiddleware.dispatch: JWT valid, passing request through
2026-08-25 01:56:35,369 [cateye.frontend] INFO: serve_frontend called: full_path=api/voice/assistant/replies
2026-08-25 01:56:35,370 [cateye.frontend] INFO:   serving index.html
2026-08-25 01:56:35,370 [ownex.api.middleware] INFO: [HW] AuthMiddleware.dispatch: JWT valid, passing request through
2026-08-25 01:56:36,266 [orion.core.health] INFO: Health: RED — 9/10 checks passed
2026-08-25 01:56:36,266 [cateye.recovery.health_monitor] WARNING: [HEALTH] Non-critical component failure
2026-08-25 01:56:40,366 [ownex.api.middleware] INFO: [HW] AuthMiddleware.dispatch: JWT valid, passing request through
2026-08-25 01:56:44,568 [orion.core.health] INFO: Health: RED — 9/10 checks passed
2026-08-25 01:56:44,568 [cateye.recovery.health_monitor] WARNING: [HEALTH] Non-critical component failure
2026-08-25 01:56:45,367 [ownex.api.middleware] INFO: [HW] AuthMiddleware.dispatch: JWT valid, passing request through
2026-08-25 01:56:46,582 [cateye.autonomous.engine] INFO: [AUTO+] Executing decision: degrade_load (confidence=0.70, action=degrade_pipeline_throughput)
2026-08-25 01:56:46,582 [cateye.autonomous.engine] WARNING: [AUTO+] Degrading system load: pausing non-critical pipelines
2026-08-25 01:56:46,582 [ownex.agents.bus] INFO: [EVENTS] autonomous_engine -> research: system.alert (corr=eb35fbc1, pri=5)
2026-08-25 01:56:50,366 [ownex.api.middleware] INFO: [HW] AuthMiddleware.dispatch: JWT valid, passing request through
2026-08-25 01:56:52,870 [orion.core.health] INFO: Health: RED — 9/10 checks passed
2026-08-25 01:56:52,870 [cateye.recovery.health_monitor] WARNING: [HEALTH] Non-critical component failure
2026-08-25 01:56:55,366 [ownex.api.middleware] INFO: [HW] AuthMiddleware.dispatch: JWT valid, passing request through
2026-08-25 01:56:57,863 [ownex.api.middleware] INFO: [HW] AuthMiddleware.dispatch: JWT valid, passing request through
2026-08-25 01:56:57,866 [cateye.frontend] INFO: serve_frontend called: full_path=api/voice/assistant/replies
2026-08-25 01:56:57,866 [cateye.frontend] INFO:   serving index.html
2026-08-25 01:57:00,367 [ownex.api.middleware] INFO: [HW] AuthMiddleware.dispatch: JWT valid, passing request through
2026-08-25 01:57:01,172 [orion.core.health] INFO: Health: RED — 9/10 checks passed
2026-08-25 01:57:01,172 [cateye.recovery.health_monitor] WARNING: [HEALTH] Non-critical component failure
2026-08-25 01:57:01,584 [cateye.autonomous.engine] INFO: [AUTO+] Executing decision: degrade_load (confidence=0.70, action=degrade_pipeline_throughput)
2026-08-25 01:57:01,584 [cateye.autonomous.engine] WARNING: [AUTO+] Degrading system load: pausing non-critical pipelines
2026-08-25 01:57:01,585 [ownex.agents.bus] INFO: [EVENTS] autonomous_engine -> research: system.alert (corr=c1f32723, pri=5)
2026-08-25 01:57:05,366 [ownex.api.middleware] INFO: [HW] AuthMiddleware.dispatch: JWT valid, passing request through
2026-08-25 01:57:09,474 [orion.core.health] INFO: Health: RED — 9/10 checks passed
2026-08-25 01:57:09,474 [cateye.recovery.health_monitor] WARNING: [HEALTH] Non-critical component failure
2026-08-25 01:57:10,366 [ownex.api.middleware] INFO: [HW] AuthMiddleware.dispatch: JWT valid, passing request through
2026-08-25 01:57:14,459 [ownex.bounty_scraper] INFO: GitHub search: skipped (no GITHUB_TOKEN env var)
2026-08-25 01:57:15,277 [ownex.bounty_scraper] WARNING: HackerOne page 1: HTTP Error 400: Bad Request
2026-08-25 01:57:15,366 [ownex.api.middleware] INFO: [HW] AuthMiddleware.dispatch: JWT valid, passing request through
2026-08-25 01:57:15,720 [ownex.bounty_scraper] WARNING: HackerOne page 2: HTTP Error 400: Bad Request
2026-08-25 01:57:15,720 [ownex.bounty_scraper] INFO: HackerOne: 0 programs scraped
2026-08-25 01:57:16,271 [ownex.bounty_scraper] WARNING: Bugcrowd page 1: HTTP Error 404: Not Found
2026-08-25 01:57:16,591 [ownex.recovery.circuit_breaker] INFO: [CB] agents_status circuit -> half_open (cooldown elapsed)
2026-08-25 01:57:16,591 [ownex.optimization.engine] INFO: [OPTIMIZE] health_check_interval: 60 -> 60 (Stable system: reducing health check frequency to 60s)
2026-08-25 01:57:16,592 [cateye.autonomous.engine] INFO: [AUTO+] Executing decision: degrade_load (confidence=0.70, action=degrade_pipeline_throughput)
2026-08-25 01:57:16,592 [cateye.autonomous.engine] WARNING: [AUTO+] Degrading system load: pausing non-critical pipelines
2026-08-25 01:57:16,592 [ownex.agents.bus] INFO: [EVENTS] autonomous_engine -> research: system.alert (corr=ea736ebb, pri=5)
2026-08-25 01:57:16,593 [cateye.autonomous.engine] INFO: [AUTO+] Executing decision: parameter_tuning (confidence=0.80, action=adjust_health_check_interval)
2026-08-25 01:57:16,842 [ownex.bounty_scraper] WARNING: Bugcrowd page 2: HTTP Error 404: Not Found
2026-08-25 01:57:16,842 [ownex.bounty_scraper] INFO: Bugcrowd: 0 programs scraped
2026-08-25 01:57:17,776 [orion.core.health] INFO: Health: RED — 9/10 checks passed
2026-08-25 01:57:17,776 [cateye.recovery.health_monitor] WARNING: [HEALTH] Non-critical component failure
2026-08-25 01:57:18,163 [ownex.bounty_scraper] WARNING: Intigriti page 1: HTTP Error 404: Not Found
2026-08-25 01:57:18,163 [ownex.bounty_scraper] INFO: Intigriti: 0 programs scraped
2026-08-25 01:57:19,196 [ownex.bounty_scraper] WARNING: YesWeHack page 1: HTTP Error 404: Not Found
2026-08-25 01:57:19,196 [ownex.bounty_scraper] INFO: YesWeHack: 0 programs scraped
2026-08-25 01:57:19,199 [ownex.bounty_scraper] INFO: Total: 659 unique reward-offering programs scraped across all sources
2026-08-25 01:57:19,206 [ownex.recovery.circuit_breaker] INFO: [CB] scheduler_status circuit -> closed (success)
2026-08-25 01:57:19,211 [cateye.recovery.engine] INFO: [RECOVERY] scheduler_status recovered via restart_scheduler (70162ms)
2026-08-25 01:57:19,211 [cateye.health.engine] INFO: [HEALTH] Recovery initiated for scheduler_status via RecoveryEngine
2026-08-25 01:57:19,211 [cateye.health.engine] ERROR: [HEALTH] Recovery engine error for db_connectivity: 'db_stuck' is not a valid FailureType
2026-08-25 01:57:19,211 [cateye.recovery.engine] WARNING: [RECOVERY] eventbus_stuck on eventbus_failures: System frozen (action=reset_event_bus)
2026-08-25 01:57:19,217 [ownex.recovery.circuit_breaker] INFO: [CB] eventbus_failures circuit -> closed (success)
2026-08-25 01:57:19,222 [cateye.recovery.engine] INFO: [RECOVERY] eventbus_failures recovered via reset_event_bus (2ms)
2026-08-25 01:57:19,222 [cateye.health.engine] INFO: [HEALTH] Recovery initiated for eventbus_failures via RecoveryEngine
2026-08-25 01:57:20,365 [ownex.api.middleware] INFO: [HW] AuthMiddleware.dispatch: JWT valid, passing request through
2026-08-25 01:57:22,863 [ownex.api.middleware] INFO: [HW] AuthMiddleware.dispatch: JWT valid, passing request through
2026-08-25 01:57:22,867 [cateye.frontend] INFO: serve_frontend called: full_path=api/voice/assistant/replies
2026-08-25 01:57:22,867 [cateye.frontend] INFO:   serving index.html
2026-08-25 01:57:25,367 [ownex.api.middleware] INFO: [HW] AuthMiddleware.dispatch: JWT valid, passing request through
2026-08-25 01:57:26,078 [orion.core.health] INFO: Health: RED — 9/10 checks passed
2026-08-25 01:57:26,078 [cateye.recovery.health_monitor] WARNING: [HEALTH] Non-critical component failure
2026-08-25 01:57:29,333 [httpx] INFO: HTTP Request: GET http://127.0.0.1:8000/api/health "HTTP/1.1 200 OK"
2026-08-25 01:57:29,343 [httpx] INFO: HTTP Request: GET http://127.0.0.1:8000/api/agents/health "HTTP/1.1 200 OK"
2026-08-25 01:57:29,350 [httpx] INFO: HTTP Request: GET http://127.0.0.1:8000/api/scheduler/status "HTTP/1.1 401 Unauthorized"
2026-08-25 01:57:29,354 [ownex.db] INFO: [DB] Index migration complete
2026-08-25 01:57:29,370 [ownex.db] INFO: [DB] Index migration complete
2026-08-25 01:57:29,378 [ownex.notifications.hub] WARNING: Unknown notification type: system_ready
2026-08-25 01:57:29,384 [cateye.recovery.engine] WARNING: [RECOVERY] agent_crashed on agents_status: failed ('str' object has no attribute 'get') (action=restart_agent)
2026-08-25 01:57:29,385 [ownex.recovery.circuit_breaker] ERROR: [CB] agents_status circuit -> OPEN (11 failures, cooldown=60s)
2026-08-25 01:57:29,391 [cateye.recovery.engine] ERROR: [RECOVERY] agents_status recovery FAILED via restart_agent (1ms): Agent agents_status not found
2026-08-25 01:57:29,391 [cateye.health.engine] INFO: [HEALTH] Recovery initiated for agents_status via RecoveryEngine
2026-08-25 01:57:29,391 [cateye.recovery.engine] WARNING: [RECOVERY] scheduler_dead on scheduler_status: failed (action=restart_scheduler)
2026-08-25 01:57:29,392 [ownex.scheduler] INFO: Autonomous pipeline scheduler stopped
2026-08-25 01:57:29,392 [ownex.scheduler] INFO: Autonomous pipeline scheduler started (interval=1800s)
2026-08-25 01:57:29,393 [ownex.scheduler] INFO: === Autonomous Pipeline Cycle ===
2026-08-25 01:57:29,393 [ownex.scheduler] INFO: [DISCOVER] Scraping public bug bounty platforms...
2026-08-25 01:57:30,365 [ownex.api.middleware] INFO: [HW] AuthMiddleware.dispatch: JWT valid, passing request through
2026-08-25 01:57:31,595 [cateye.autonomous.engine] INFO: [AUTO+] Executing decision: degrade_load (confidence=0.70, action=degrade_pipeline_throughput)
2026-08-25 01:57:31,595 [cateye.autonomous.engine] WARNING: [AUTO+] Degrading system load: pausing non-critical pipelines
2026-08-25 01:57:31,595 [ownex.agents.bus] INFO: [EVENTS] autonomous_engine -> research: system.alert (corr=98d022d7, pri=5)
2026-08-25 01:57:34,380 [orion.core.health] INFO: Health: RED — 9/10 checks passed
2026-08-25 01:57:34,380 [cateye.recovery.health_monitor] WARNING: [HEALTH] Non-critical component failure
2026-08-25 01:57:35,366 [ownex.api.middleware] INFO: [HW] AuthMiddleware.dispatch: JWT valid, passing request through
2026-08-25 01:57:39,707 [ownex.bounty_scraper] WARNING: HTTP 404 fetching https://raw.githubusercontent.com/arkadiyt/bounty-targets-data/main/data/hackenproof_data.json: Not Found
2026-08-25 01:57:39,707 [ownex.bounty_scraper] WARNING: BountyTargetsData hackenproof: HTTP 404 fetching https://raw.githubusercontent.com/arkadiyt/bounty-targets-data/main/data/hackenproof_data.json: Not Found
2026-08-25 01:57:40,368 [ownex.api.middleware] INFO: [HW] AuthMiddleware.dispatch: JWT valid, passing request through
2026-08-25 01:57:41,165 [ownex.bounty_scraper] INFO: BountyTargetsData: 882 programs across 6 platforms
2026-08-25 01:57:42,682 [orion.core.health] INFO: Health: RED — 9/10 checks passed
2026-08-25 01:57:42,682 [cateye.recovery.health_monitor] WARNING: [HEALTH] Non-critical component failure
2026-08-25 01:57:43,778 [ownex.bounty_scraper] INFO: Immunefi: 0 programs scraped
2026-08-25 01:57:44,308 [ownex.bounty_scraper] WARNING: HackenProof: HTTP 403
2026-08-25 01:57:44,468 [ownex.bounty_scraper] WARNING: OpenBugBounty page 1: HTTP 403
2026-08-25 01:57:44,468 [ownex.bounty_scraper] INFO: OpenBugBounty: 0 programs scraped
2026-08-25 01:57:45,366 [ownex.api.middleware] INFO: [HW] AuthMiddleware.dispatch: JWT valid, passing request through
2026-08-25 01:57:46,597 [cateye.autonomous.engine] INFO: [AUTO+] Executing decision: degrade_load (confidence=0.70, action=degrade_pipeline_throughput)
2026-08-25 01:57:46,597 [cateye.autonomous.engine] WARNING: [AUTO+] Degrading system load: pausing non-critical pipelines
2026-08-25 01:57:46,597 [ownex.agents.bus] INFO: [EVENTS] autonomous_engine -> research: system.alert (corr=ba0b8476, pri=5)
2026-08-25 01:57:50,364 [ownex.api.middleware] INFO: [HW] AuthMiddleware.dispatch: JWT valid, passing request through
2026-08-25 01:57:50,367 [cateye.frontend] INFO: serve_frontend called: full_path=api/voice/assistant/replies
2026-08-25 01:57:50,368 [cateye.frontend] INFO:   serving index.html
2026-08-25 01:57:50,369 [ownex.api.middleware] INFO: [HW] AuthMiddleware.dispatch: JWT valid, passing request through
2026-08-25 01:57:50,984 [orion.core.health] INFO: Health: RED — 9/10 checks passed
2026-08-25 01:57:50,984 [cateye.recovery.health_monitor] WARNING: [HEALTH] Non-critical component failure
2026-08-25 01:57:55,367 [ownex.api.middleware] INFO: [HW] AuthMiddleware.dispatch: JWT valid, passing request through
2026-08-25 01:57:59,285 [orion.core.health] INFO: Health: RED — 9/10 checks passed
2026-08-25 01:57:59,286 [cateye.recovery.health_monitor] WARNING: [HEALTH] Non-critical component failure
2026-08-25 01:58:00,366 [ownex.api.middleware] INFO: [HW] AuthMiddleware.dispatch: JWT valid, passing request through
2026-08-25 01:58:01,599 [cateye.autonomous.engine] INFO: [AUTO+] Executing decision: degrade_load (confidence=0.70, action=degrade_pipeline_throughput)
2026-08-25 01:58:01,600 [cateye.autonomous.engine] WARNING: [AUTO+] Degrading system load: pausing non-critical pipelines
2026-08-25 01:58:01,600 [ownex.agents.bus] INFO: [EVENTS] autonomous_engine -> research: system.alert (corr=7067e7a8, pri=5)
2026-08-25 01:58:05,366 [ownex.api.middleware] INFO: [HW] AuthMiddleware.dispatch: JWT valid, passing request through
2026-08-25 01:58:05,862 [cateye.lifespan] INFO: [ORION] Job due: loop:ownex:pulse
2026-08-25 01:58:05,866 [cateye.lifespan] INFO: [ORION] Job due: cateye_hypothesis
2026-08-25 01:58:05,866 [ownex.scheduler] INFO: [HYPOTHESIS] Generating vulnerability hypotheses...
2026-08-25 01:58:05,867 [cateye.lifespan] INFO: [ORION] Job due: security_bounty_coordinator
2026-08-25 01:58:05,867 [cateye.agents.bounty_coordinator] INFO: [BountyCoordinator] Running scheduled cycle
2026-08-25 01:58:05,867 [cateye.agents.bounty_coordinator] INFO: [BountyCoordinator] Initialized with max_concurrent=3, timeout=30min
2026-08-25 01:58:05,867 [cateye.agents.bounty_coordinator] INFO: [BountyCoordinator] Global instance created
2026-08-25 01:58:05,867 [cateye.agents.bounty_coordinator] INFO: [BountyCoordinator] Starting scheduler
2026-08-25 01:58:05,868 [cateye.agents.bounty_coordinator] INFO: [BountyCoordinator] Started coordinator
2026-08-25 01:58:05,871 [cateye.agents.bounty_coordinator] INFO: [BountyCoordinator] Added bounty h1_001 to queue (EVH=500.00)
2026-08-25 01:58:05,871 [cateye.agents.bounty_coordinator] INFO: [BountyCoordinator] Added bounty gh_001 to queue (EVH=166.67)
2026-08-25 01:58:05,871 [cateye.agents.bounty_coordinator] INFO: [BountyCoordinator] Added bounty kc_001 to queue (EVH=250.00)
2026-08-25 01:58:05,871 [cateye.agents.bounty_coordinator] INFO: [BountyCoordinator] Added bounty zp_001 to queue (EVH=200.00)
2026-08-25 01:58:05,871 [cateye.agents.bounty_coordinator] INFO: [BountyCoordinator] Added bounty im_001 to queue (EVH=1250.00)
2026-08-25 01:58:05,871 [cateye.agents.bounty_coordinator] INFO: [BountyCoordinator] Cycle complete: added=5, active=0, queued=0, completed=0
2026-08-25 01:58:07,587 [orion.core.health] INFO: Health: RED — 9/10 checks passed
2026-08-25 01:58:07,587 [cateye.recovery.health_monitor] WARNING: [HEALTH] Non-critical component failure
2026-08-25 01:58:10,367 [ownex.api.middleware] INFO: [HW] AuthMiddleware.dispatch: JWT valid, passing request through
2026-08-25 01:58:15,366 [ownex.api.middleware] INFO: [HW] AuthMiddleware.dispatch: JWT valid, passing request through
2026-08-25 01:58:15,889 [orion.core.health] INFO: Health: RED — 9/10 checks passed
2026-08-25 01:58:15,889 [cateye.recovery.health_monitor] WARNING: [HEALTH] Non-critical component failure
2026-08-25 01:58:16,602 [cateye.autonomous.engine] INFO: [AUTO+] Executing decision: degrade_load (confidence=0.70, action=degrade_pipeline_throughput)
2026-08-25 01:58:16,602 [cateye.autonomous.engine] WARNING: [AUTO+] Degrading system load: pausing non-critical pipelines
2026-08-25 01:58:16,602 [ownex.agents.bus] INFO: [EVENTS] autonomous_engine -> research: system.alert (corr=1d8b153b, pri=5)
2026-08-25 01:58:20,365 [ownex.api.middleware] INFO: [HW] AuthMiddleware.dispatch: JWT valid, passing request through
2026-08-25 01:58:20,368 [cateye.frontend] INFO: serve_frontend called: full_path=api/voice/assistant/replies
2026-08-25 01:58:20,368 [cateye.frontend] INFO:   serving index.html
2026-08-25 01:58:20,368 [ownex.api.middleware] INFO: [HW] AuthMiddleware.dispatch: JWT valid, passing request through
2026-08-25 01:58:24,191 [orion.core.health] INFO: Health: RED — 9/10 checks passed
2026-08-25 01:58:24,191 [cateye.recovery.health_monitor] WARNING: [HEALTH] Non-critical component failure
2026-08-25 01:58:25,367 [ownex.api.middleware] INFO: [HW] AuthMiddleware.dispatch: JWT valid, passing request through
2026-08-25 01:58:30,367 [ownex.api.middleware] INFO: [HW] AuthMiddleware.dispatch: JWT valid, passing request through
2026-08-25 01:58:31,612 [ownex.recovery.circuit_breaker] INFO: [CB] agents_status circuit -> half_open (cooldown elapsed)
2026-08-25 01:58:31,613 [ownex.optimization.engine] INFO: [OPTIMIZE] health_check_interval: 60 -> 60 (Stable system: reducing health check frequency to 60s)
2026-08-25 01:58:31,613 [cateye.autonomous.engine] INFO: [AUTO+] Executing decision: degrade_load (confidence=0.70, action=degrade_pipeline_throughput)
2026-08-25 01:58:31,614 [cateye.autonomous.engine] WARNING: [AUTO+] Degrading system load: pausing non-critical pipelines
2026-08-25 01:58:31,614 [ownex.agents.bus] INFO: [EVENTS] autonomous_engine -> research: system.alert (corr=81a4b88d, pri=5)
2026-08-25 01:58:31,614 [cateye.autonomous.engine] INFO: [AUTO+] Executing decision: parameter_tuning (confidence=0.80, action=adjust_health_check_interval)
2026-08-25 01:58:32,493 [orion.core.health] INFO: Health: RED — 9/10 checks passed
2026-08-25 01:58:32,493 [cateye.recovery.health_monitor] WARNING: [HEALTH] Non-critical component failure
2026-08-25 01:58:33,230 [ownex.bounty_scraper] INFO: GitHub search: skipped (no GITHUB_TOKEN env var)
2026-08-25 01:58:33,665 [ownex.bounty_scraper] WARNING: HackerOne page 1: HTTP Error 400: Bad Request
2026-08-25 01:58:34,089 [ownex.bounty_scraper] WARNING: HackerOne page 2: HTTP Error 400: Bad Request
2026-08-25 01:58:34,089 [ownex.bounty_scraper] INFO: HackerOne: 0 programs scraped
2026-08-25 01:58:34,638 [ownex.bounty_scraper] WARNING: Bugcrowd page 1: HTTP Error 404: Not Found
2026-08-25 01:58:35,251 [ownex.bounty_scraper] WARNING: Bugcrowd page 2: HTTP Error 404: Not Found
2026-08-25 01:58:35,251 [ownex.bounty_scraper] INFO: Bugcrowd: 0 programs scraped
2026-08-25 01:58:35,367 [ownex.api.middleware] INFO: [HW] AuthMiddleware.dispatch: JWT valid, passing request through
2026-08-25 01:58:36,628 [ownex.bounty_scraper] WARNING: Intigriti page 1: HTTP Error 404: Not Found
2026-08-25 01:58:36,628 [ownex.bounty_scraper] INFO: Intigriti: 0 programs scraped
2026-08-25 01:58:37,626 [ownex.bounty_scraper] WARNING: YesWeHack page 1: HTTP Error 404: Not Found
2026-08-25 01:58:37,626 [ownex.bounty_scraper] INFO: YesWeHack: 0 programs scraped
2026-08-25 01:58:37,628 [ownex.bounty_scraper] INFO: Total: 659 unique reward-offering programs scraped across all sources
2026-08-25 01:58:37,639 [ownex.recovery.circuit_breaker] INFO: [CB] scheduler_status circuit -> closed (success)
2026-08-25 01:58:37,645 [cateye.recovery.engine] INFO: [RECOVERY] scheduler_status recovered via restart_scheduler (68239ms)
2026-08-25 01:58:37,645 [cateye.health.engine] INFO: [HEALTH] Recovery initiated for scheduler_status via RecoveryEngine
2026-08-25 01:58:37,645 [cateye.health.engine] WARNING: [HEALTH] Possible freeze detected — identical status across 3 checks
2026-08-25 01:58:37,645 [cateye.health.engine] CRITICAL: [HEALTH] SYSTEM FROZEN — initiating emergency recovery
2026-08-25 01:58:37,645 [cateye.recovery.engine] WARNING: [RECOVERY] api_unresponsive on api_status: System frozen (action=restart_api_server)
2026-08-25 01:58:37,646 [core.self_update.system] INFO: Restarting with command: /home/adriel/projects/Rastro/.venv/bin/python3.14 /home/adriel/projects/Rastro/run.py
2026-08-25 01:58:39,655 [ownex.recovery.circuit_breaker] INFO: [CB] api_status circuit -> closed (success)
2026-08-25 01:58:39,662 [cateye.recovery.engine] INFO: [RECOVERY] api_status recovered via restart_api_server (2001ms)
2026-08-25 01:58:39,662 [cateye.health.engine] INFO: [HEALTH] Recovery initiated for api_status via RecoveryEngine
2026-08-25 01:58:39,662 [cateye.recovery.engine] WARNING: [RECOVERY] agent_crashed on agents_status: System frozen (action=restart_agent)
2026-08-25 01:58:39,663 [ownex.recovery.circuit_breaker] ERROR: [CB] agents_status circuit -> OPEN (12 failures, cooldown=60s)
2026-08-25 01:58:39,676 [cateye.recovery.engine] ERROR: [RECOVERY] agents_status recovery FAILED via restart_agent (1ms): Agent agents_status not found
2026-08-25 01:58:39,676 [cateye.health.engine] INFO: [HEALTH] Recovery initiated for agents_status via RecoveryEngine
2026-08-25 01:58:39,676 [cateye.recovery.engine] WARNING: [RECOVERY] scheduler_dead on scheduler_status: System frozen (action=restart_scheduler)
2026-08-25 01:58:39,707 [ownex.scheduler] INFO: Autonomous pipeline scheduler stopped
2026-08-25 01:58:39,707 [ownex.scheduler] INFO: Autonomous pipeline scheduler started (interval=1800s)
2026-08-25 01:58:39,708 [ownex.scheduler] INFO: === Autonomous Pipeline Cycle ===
2026-08-25 01:58:39,708 [ownex.scheduler] INFO: [DISCOVER] Scraping public bug bounty platforms...
2026-08-25 01:58:39,953 [cateye.desktop] INFO: [BOOT] CATEYE Desktop — PID: 97892
2026-08-25 01:58:39,953 [cateye.desktop] INFO: [BOOT] Frozen: False, Python: 3.14.4, OS: linux
2026-08-25 01:58:39,955 [cateye.desktop] INFO: [BOOT] Backend port: 8000
2026-08-25 01:58:39,955 [cateye.desktop] INFO: [API] Starting API server
2026-08-25 01:58:39,959 [cateye.desktop] INFO: [FRONTEND] Frontend mounted from /home/adriel/projects/Rastro/frontend/dist (routes: 2)
2026-08-25 01:58:39,959 [cateye.desktop] INFO: [API] Server thread started on 127.0.0.1:8000
2026-08-25 01:58:39,960 [cateye.desktop] INFO: [API] Server listening on 127.0.0.1:8000
2026-08-25 01:58:40,024 [httpx] INFO: HTTP Request: GET http://127.0.0.1:8000/api/health "HTTP/1.1 200 OK"
2026-08-25 01:58:40,024 [cateye.desktop] INFO: [HEALTHY] Backend healthy on port 8000
2026-08-25 01:58:40,025 [cateye.desktop] INFO: [BOOT] Session — device_id from settings: ADRI-6806b990
2026-08-25 01:58:40,040 [cateye.desktop] INFO: [BOOT] Session — calling manager.authenticate (device=ADRI-6806b990)
2026-08-25 01:58:40,060 [ownex.db] INFO: [DB] Index migration complete
2026-08-25 01:58:40,067 [cateye.desktop] INFO: [BOOT] Session — authenticate result keys: ['token', 'refresh', 'device_id', 'user_id', 'existing']
2026-08-25 01:58:40,067 [cateye.desktop] INFO: [BOOT] Session — token obtained: eyJkYXRhIjp7Im1ldGEi...
2026-08-25 01:58:40,069 [cateye.desktop] INFO: [BOOT] Session — stored token check: OK
2026-08-25 01:58:40,070 [cateye.desktop] INFO: [BOOT] Desktop session created (device=ADRI-6806b990)
2026-08-25 01:58:40,070 [cateye.desktop] INFO: [READY] CATEYE Desktop ready (desktop window)
2026-08-25 01:58:40,070 [ownex.api] INFO: [BOOT] Database initialized
2026-08-25 01:58:40,070 [ownex.events] INFO: Event bus initialized (persistent)
2026-08-25 01:58:40,070 [ownex.api] INFO: [BOOT] EventBus ready
2026-08-25 01:58:40,071 [ownex.api] INFO: [BOOT] Background initialization scheduled
2026-08-25 01:58:40,073 [cateye.desktop] INFO: [BROWSER] Opening desktop window -> http://127.0.0.1:8000/?token=eyJkYXRhIjp7Im1ldGEiOnsiZGVza3RvcCI6dHJ1ZSwiZnJvemVuIjpmYWxzZSwicG9ydCI6ODAwMH0sInN1YiI6IkFEUkktNjgwNmI5OTAifSwiZXhwIjoxNzg3NjkyODE5LCJpYXQiOjE3ODc2MDY0MTl9.1619e572a5c4686091056b2e189c28324b367db21c08807d5fd0b94dfea388aa&device_id=ADRI-6806b990
2026-08-25 01:58:40,073 [cateye.desktop] INFO: [BROWSER] webview.create_window() starting...
2026-08-25 01:58:40,074 [cateye.desktop] INFO: [BROWSER] Desktop window failed ('Window' object has no attribute 'closed'), falling back to browser
2026-08-25 01:58:40,074 [cateye.desktop] INFO: [BOOT] Desktop UI unavailable, browser mode activated.
2026-08-25 01:58:40,075 [cateye.product_rules] WARNING: [ERROR] scorecard-reachable: Scorecard has no data yet (expected on first boot)
2026-08-25 01:58:40,075 [cateye.lifespan] INFO: [BG-INIT] enforce_on_startup done
2026-08-25 01:58:40,076 [cateye.identity] INFO: Restored identity: 38e6c930-0700-4546-b877-37ef1092c1d4
2026-08-25 01:58:40,076 [cateye.lifespan] INFO: [BG-INIT] Identity: 38e6c930-0700-4546-b877-37ef1092c1d4
2026-08-25 01:58:40,076 [cateye.lifespan] INFO: [BG-INIT] identity done
2026-08-25 01:58:40,076 [orion.core.system.temp_manager] INFO: TempManager initialized: base=/tmp/ownex, max=5368709120 bytes
2026-08-25 01:58:40,076 [cateye.lifespan] INFO: [BG-INIT] temp_manager done
2026-08-25 01:58:40,077 [ownex.authhub.hub] INFO: AuthHub initialized
2026-08-25 01:58:40,077 [cateye.identity_vault] INFO: Loaded identity vault from /home/adriel/.orion/identity_vault.json (3 entries)
2026-08-25 01:58:40,077 [cateye.lifespan] INFO: [BG-INIT] authhub done
2026-08-25 01:58:40,077 [ownex.orchestrator.assistant] INFO: Suppressed 0 noise items (threshold=0.15)
2026-08-25 01:58:40,077 [cateye.lifespan] INFO: [BG-INIT] orchestrator done
2026-08-25 01:58:40,077 [cateye.lifespan] INFO: [BG-INIT] trackers done
2026-08-25 01:58:40,107 [cateye.lifespan] INFO: [BG-INIT] scorecard done
2026-08-25 01:58:40,107 [cateye.lifespan] INFO: [BG-INIT] explainability done
2026-08-25 01:58:40,108 [cateye.lifespan] INFO: [BG-INIT] memory_stores done
2026-08-25 01:58:40,109 [core.self_healing.system] INFO: Starting system validation
2026-08-25 01:58:40,116 [uvicorn.error] ERROR: [Errno 98] error while attempting to bind on address ('127.0.0.1', 8000): [errno 98] address already in use
2026-08-25 01:58:40,119 [ownex.api] INFO: [SHUTDOWN] Starting graceful shutdown...
2026-08-25 01:58:40,135 [cateye.autonomous.engine] INFO: [AUTO+] AUTONOMOUS+ mode disabled
2026-08-25 01:58:40,135 [cateye.autonomous.engine] INFO: [AUTO+] Engine stopped
2026-08-25 01:58:40,135 [ownex.api] INFO: [BOOT] AUTONOMOUS+ engine stopped
2026-08-25 01:58:40,166 [cateye.health.engine] INFO: [HEALTH] Engine stopped
2026-08-25 01:58:40,167 [ownex.api] INFO: [BOOT] System health engine stopped
2026-08-25 01:58:40,169 [ownex.optimization.engine] INFO: [OPTIMIZE] Engine stopped
2026-08-25 01:58:40,169 [ownex.api] INFO: [BOOT] Auto-optimization engine stopped
2026-08-25 01:58:40,174 [ownex.version_backup] INFO: [VERSION BACKUP] Using shared SQLite storage (recovery_history.db)
2026-08-25 01:58:40,175 [cateye.recovery.engine] INFO: [RECOVERY ENGINE] Version backup system integrated for rollback recovery
2026-08-25 01:58:40,175 [cateye.recovery.health_monitor] INFO: [HEALTH] Monitor stopped
2026-08-25 01:58:40,175 [cateye.recovery.engine] INFO: [RECOVERY] Engine stopped
2026-08-25 01:58:40,175 [ownex.api] INFO: [BOOT] Recovery engine and health monitor stopped
2026-08-25 01:58:40,175 [ownex.agents] INFO: [AGENTS] All agents stopped
2026-08-25 01:58:40,175 [ownex.api] INFO: [BOOT] All agents stopped
2026-08-25 01:58:40,195 [ownex.api] INFO: [OPS] Operations system stopped
2026-08-25 01:58:40,195 [cateye.operations] INFO: Notification poller stop signal sent
2026-08-25 01:58:40,196 [ownex.api] INFO: [SHUTDOWN] Complete
2026-08-25 01:58:40,366 [ownex.api.middleware] INFO: [HW] AuthMiddleware.dispatch: JWT valid, passing request through
2026-08-25 01:58:40,516 [cateye.desktop.updater] WARNING: Failed to check for updates: HTTP Error 404: Not Found
2026-08-25 01:58:40,795 [orion.core.health] INFO: Health: RED — 9/10 checks passed
2026-08-25 01:58:40,795 [cateye.recovery.health_monitor] WARNING: [HEALTH] Non-critical component failure
2026-08-25 01:58:41,828 [ownex.desktop.browser_opener] INFO: Opened browser: http://127.0.0.1:8000/?token=eyJkYXRhIjp7Im1ldGEiOnsiZGVza3RvcCI6dHJ1ZSwiZnJvemVuIjpmYWxzZSwicG9ydCI6ODAwMH0sInN1YiI6IkFEUkktNjgwNmI5OTAifSwiZXhwIjoxNzg3NjkyODE5LCJpYXQiOjE3ODc2MDY0MTl9.1619e572a5c4686091056b2e189c28324b367db21c08807d5fd0b94dfea388aa&device_id=ADRI-6806b990&onboarding=1
2026-08-25 01:58:41,829 [cateye.desktop] INFO: [BROWSER] Dashboard opened in browser
2026-08-25 01:58:41,845 [cateye.desktop.notifications] INFO: [NOTIFICATION] CATEYE: Dashboard ready — opening browser
2026-08-25 01:58:41,959 [cateye.desktop.tray] INFO: System tray started (persistent)
2026-08-25 01:58:41,959 [cateye.desktop] INFO: [TRAY] System tray initialized
2026-08-25 01:58:41,959 [cateye.desktop] INFO: [READY] CATEYE Desktop ready (browser fallback)
2026-08-25 01:58:42,010 [pystray._base] ERROR: Failed to dock icon
Traceback (most recent call last):
  File "/home/adriel/projects/Rastro/.venv/lib/python3.14/site-packages/pystray/_xorg.py", line 162, in _update_icon
    self._assert_docked()
    ~~~~~~~~~~~~~~~~~~~^^
  File "/home/adriel/projects/Rastro/.venv/lib/python3.14/site-packages/pystray/_xorg.py", line 395, in _assert_docked
    assert self._systray_manager
           ^^^^^^^^^^^^^^^^^^^^^
AssertionError
2026-08-25 01:58:42,017 [cateye.frontend] INFO: serve_root called
2026-08-25 01:58:42,017 [cateye.frontend] INFO:   serving index.html
2026-08-25 01:58:42,029 [pystray._base] ERROR: Failed to dock icon
Traceback (most recent call last):
  File "/home/adriel/projects/Rastro/.venv/lib/python3.14/site-packages/pystray/_xorg.py", line 143, in _show
    self._assert_docked()
    ~~~~~~~~~~~~~~~~~~~^^
  File "/home/adriel/projects/Rastro/.venv/lib/python3.14/site-packages/pystray/_xorg.py", line 395, in _assert_docked
    assert self._systray_manager
           ^^^^^^^^^^^^^^^^^^^^^
AssertionError
2026-08-25 01:58:42,037 [cateye.frontend] INFO: serve_frontend called: full_path=assets/index-DrF2yEGH.js
2026-08-25 01:58:42,038 [cateye.frontend] INFO:   serving file: /home/adriel/projects/Rastro/frontend/dist/assets/index-DrF2yEGH.js
2026-08-25 01:58:42,040 [cateye.frontend] INFO: serve_frontend called: full_path=assets/index-vWOXDvai.css
2026-08-25 01:58:42,041 [cateye.frontend] INFO:   serving file: /home/adriel/projects/Rastro/frontend/dist/assets/index-vWOXDvai.css
2026-08-25 01:58:42,044 [cateye.frontend] INFO: serve_frontend called: full_path=manifest.json
2026-08-25 01:58:42,044 [cateye.frontend] INFO:   serving file: /home/adriel/projects/Rastro/frontend/dist/manifest.json
2026-08-25 01:58:42,120 [ownex.api.middleware] INFO: [HW] AuthMiddleware.dispatch: JWT valid, passing request through
2026-08-25 01:58:42,120 [ownex.api.middleware] INFO: [HW] AuthMiddleware.dispatch: JWT valid, passing request through
2026-08-25 01:58:42,125 [cateye.frontend] INFO: serve_frontend called: full_path=api/voice/config
2026-08-25 01:58:42,125 [cateye.frontend] INFO:   serving index.html
2026-08-25 01:58:42,129 [ownex.api.middleware] INFO: [HW] AuthMiddleware.dispatch: JWT valid, passing request through
2026-08-25 01:58:42,130 [ownex.api.middleware] INFO: [HW] AuthMiddleware.dispatch: JWT valid, passing request through
2026-08-25 01:58:42,135 [ownex.api.middleware] INFO: [HW] AuthMiddleware.dispatch: JWT valid, passing request through
2026-08-25 01:58:42,148 [ownex.api.middleware] INFO: [HW] AuthMiddleware.dispatch: JWT valid, passing request through
2026-08-25 01:58:42,170 [ownex.api.middleware] INFO: [HW] AuthMiddleware.dispatch: JWT valid, passing request through
2026-08-25 01:58:42,184 [cateye.frontend] INFO: serve_frontend called: full_path=assets/branding/themes/tesla.json
2026-08-25 01:58:42,184 [cateye.frontend] INFO:   serving file: /home/adriel/projects/Rastro/frontend/dist/assets/branding/themes/tesla.json
2026-08-25 01:58:42,184 [cateye.orion.next_action] INFO: [CATEYE] get_next_action called
2026-08-25 01:58:42,232 [cateye.frontend] INFO: serve_frontend called: full_path=icon-192.png
2026-08-25 01:58:42,232 [cateye.frontend] INFO:   serving file: /home/adriel/projects/Rastro/frontend/dist/icon-192.png
2026-08-25 01:58:42,239 [cateye.frontend] INFO: serve_frontend called: full_path=assets/branding/themes/event-horizon.json
2026-08-25 01:58:42,239 [cateye.frontend] INFO:   serving file: /home/adriel/projects/Rastro/frontend/dist/assets/branding/themes/event-horizon.json
2026-08-25 01:58:42,244 [cateye.frontend] INFO: serve_frontend called: full_path=assets/WelcomePage-BDZbwbUg.css
2026-08-25 01:58:42,244 [cateye.frontend] INFO:   serving file: /home/adriel/projects/Rastro/frontend/dist/assets/WelcomePage-BDZbwbUg.css
2026-08-25 01:58:42,249 [cateye.frontend] INFO: serve_frontend called: full_path=assets/WelcomePage-CqMG4kY0.js
2026-08-25 01:58:42,249 [cateye.frontend] INFO:   serving file: /home/adriel/projects/Rastro/frontend/dist/assets/WelcomePage-CqMG4kY0.js
2026-08-25 01:58:42,297 [cateye.frontend] INFO: serve_frontend called: full_path=assets/branding/themes/neural-flow.json
2026-08-25 01:58:42,297 [cateye.frontend] INFO:   serving file: /home/adriel/projects/Rastro/frontend/dist/assets/branding/themes/neural-flow.json
2026-08-25 01:58:42,394 [cateye.frontend] INFO: serve_frontend called: full_path=assets/branding/themes/precision-lab.json
2026-08-25 01:58:42,394 [cateye.frontend] INFO:   serving file: /home/adriel/projects/Rastro/frontend/dist/assets/branding/themes/precision-lab.json
2026-08-25 01:58:42,414 [cateye.frontend] INFO: serve_frontend called: full_path=assets/branding/themes/quantum-glass.json
2026-08-25 01:58:42,414 [cateye.frontend] INFO:   serving file: /home/adriel/projects/Rastro/frontend/dist/assets/branding/themes/quantum-glass.json
2026-08-25 01:58:42,424 [cateye.frontend] INFO: serve_frontend called: full_path=assets/branding/themes/executive-intelligence.json
2026-08-25 01:58:42,424 [cateye.frontend] INFO:   serving file: /home/adriel/projects/Rastro/frontend/dist/assets/branding/themes/executive-intelligence.json
2026-08-25 01:58:44,026 [cateye.frontend] INFO: serve_frontend called: full_path=service-worker.js
2026-08-25 01:58:44,026 [cateye.frontend] INFO:   serving file: /home/adriel/projects/Rastro/frontend/dist/service-worker.js
2026-08-25 01:58:44,288 [core.self_healing.system] INFO: Import validation complete - no issues found
2026-08-25 01:58:46,185 [ownex.api.middleware] INFO: [HW] AuthMiddleware.dispatch: JWT valid, passing request through
2026-08-25 01:58:46,262 [core.self_healing.system] INFO: System validation complete - all systems healthy
2026-08-25 01:58:46,616 [cateye.autonomous.engine] INFO: [AUTO+] Executing decision: degrade_load (confidence=0.70, action=degrade_pipeline_throughput)
2026-08-25 01:58:46,616 [cateye.autonomous.engine] WARNING: [AUTO+] Degrading system load: pausing non-critical pipelines
2026-08-25 01:58:46,616 [ownex.agents.bus] INFO: [EVENTS] autonomous_engine -> research: system.alert (corr=a5c8a88b, pri=5)
2026-08-25 01:58:47,131 [ownex.api.middleware] INFO: [HW] AuthMiddleware.dispatch: JWT valid, passing request through
2026-08-25 01:58:49,096 [orion.core.health] INFO: Health: RED — 9/10 checks passed
2026-08-25 01:58:49,097 [cateye.recovery.health_monitor] WARNING: [HEALTH] Non-critical component failure
2026-08-25 01:58:51,186 [ownex.api.middleware] INFO: [HW] AuthMiddleware.dispatch: JWT valid, passing request through
2026-08-25 01:58:52,137 [ownex.api.middleware] INFO: [HW] AuthMiddleware.dispatch: JWT valid, passing request through
2026-08-25 01:58:53,184 [ownex.api.middleware] INFO: [HW] AuthMiddleware.dispatch: JWT valid, passing request through
2026-08-25 01:58:53,188 [cateye.frontend] INFO: serve_frontend called: full_path=api/voice/assistant/replies
2026-08-25 01:58:53,188 [cateye.frontend] INFO:   serving index.html
2026-08-25 01:58:54,153 [ownex.bounty_scraper] WARNING: HTTP 404 fetching https://raw.githubusercontent.com/arkadiyt/bounty-targets-data/main/data/hackenproof_data.json: Not Found
2026-08-25 01:58:54,153 [ownex.bounty_scraper] WARNING: BountyTargetsData hackenproof: HTTP 404 fetching https://raw.githubusercontent.com/arkadiyt/bounty-targets-data/main/data/hackenproof_data.json: Not Found
2026-08-25 01:58:55,831 [ownex.bounty_scraper] INFO: BountyTargetsData: 882 programs across 6 platforms
2026-08-25 01:58:56,184 [ownex.api.middleware] INFO: [HW] AuthMiddleware.dispatch: JWT valid, passing request through
2026-08-25 01:58:57,119 [ownex.api.middleware] INFO: [HW] AuthMiddleware.dispatch: JWT valid, passing request through
2026-08-25 01:58:57,398 [orion.core.health] INFO: Health: RED — 9/10 checks passed
2026-08-25 01:58:57,398 [cateye.recovery.health_monitor] WARNING: [HEALTH] Non-critical component failure
2026-08-25 01:58:58,603 [ownex.bounty_scraper] INFO: Immunefi: 0 programs scraped
2026-08-25 01:58:59,280 [ownex.bounty_scraper] WARNING: HackenProof: HTTP 403
2026-08-25 01:58:59,438 [ownex.bounty_scraper] WARNING: OpenBugBounty page 1: HTTP 403
2026-08-25 01:58:59,439 [ownex.bounty_scraper] INFO: OpenBugBounty: 0 programs scraped
2026-08-25 01:59:01,194 [ownex.api.middleware] INFO: [HW] AuthMiddleware.dispatch: JWT valid, passing request through
2026-08-25 01:59:01,618 [cateye.autonomous.engine] INFO: [AUTO+] Executing decision: degrade_load (confidence=0.70, action=degrade_pipeline_throughput)
2026-08-25 01:59:01,618 [cateye.autonomous.engine] WARNING: [AUTO+] Degrading system load: pausing non-critical pipelines
2026-08-25 01:59:01,619 [ownex.agents.bus] INFO: [EVENTS] autonomous_engine -> research: system.alert (corr=8fd5da90, pri=5)
2026-08-25 01:59:02,195 [ownex.api.middleware] INFO: [HW] AuthMiddleware.dispatch: JWT valid, passing request through
2026-08-25 01:59:05,700 [orion.core.health] INFO: Health: RED — 9/10 checks passed
2026-08-25 01:59:05,700 [cateye.recovery.health_monitor] WARNING: [HEALTH] Non-critical component failure
2026-08-25 01:59:06,193 [ownex.api.middleware] INFO: [HW] AuthMiddleware.dispatch: JWT valid, passing request through
2026-08-25 01:59:07,198 [ownex.api.middleware] INFO: [HW] AuthMiddleware.dispatch: JWT valid, passing request through
2026-08-25 01:59:11,196 [ownex.api.middleware] INFO: [HW] AuthMiddleware.dispatch: JWT valid, passing request through
2026-08-25 01:59:12,186 [ownex.api.middleware] INFO: [HW] AuthMiddleware.dispatch: JWT valid, passing request through
2026-08-25 01:59:14,002 [orion.core.health] INFO: Health: RED — 9/10 checks passed
2026-08-25 01:59:14,002 [cateye.recovery.health_monitor] WARNING: [HEALTH] Non-critical component failure
2026-08-25 01:59:16,185 [ownex.api.middleware] INFO: [HW] AuthMiddleware.dispatch: JWT valid, passing request through
2026-08-25 01:59:16,621 [cateye.autonomous.engine] INFO: [AUTO+] Executing decision: degrade_load (confidence=0.70, action=degrade_pipeline_throughput)
2026-08-25 01:59:16,621 [cateye.autonomous.engine] WARNING: [AUTO+] Degrading system load: pausing non-critical pipelines
2026-08-25 01:59:16,621 [ownex.agents.bus] INFO: [EVENTS] autonomous_engine -> research: system.alert (corr=57ad539e, pri=5)
2026-08-25 01:59:17,185 [ownex.api.middleware] INFO: [HW] AuthMiddleware.dispatch: JWT valid, passing request through
2026-08-25 01:59:21,189 [ownex.api.middleware] INFO: [HW] AuthMiddleware.dispatch: JWT valid, passing request through
2026-08-25 01:59:22,184 [ownex.api.middleware] INFO: [HW] AuthMiddleware.dispatch: JWT valid, passing request through
2026-08-25 01:59:22,304 [orion.core.health] INFO: Health: RED — 9/10 checks passed
2026-08-25 01:59:22,304 [cateye.recovery.health_monitor] WARNING: [HEALTH] Non-critical component failure
2026-08-25 01:59:26,184 [ownex.api.middleware] INFO: [HW] AuthMiddleware.dispatch: JWT valid, passing request through
2026-08-25 01:59:27,185 [ownex.api.middleware] INFO: [HW] AuthMiddleware.dispatch: JWT valid, passing request through
2026-08-25 01:59:30,184 [ownex.api.middleware] INFO: [HW] AuthMiddleware.dispatch: JWT valid, passing request through
2026-08-25 01:59:30,188 [cateye.frontend] INFO: serve_frontend called: full_path=api/voice/assistant/replies
2026-08-25 01:59:30,188 [cateye.frontend] INFO:   serving index.html
2026-08-25 01:59:30,606 [orion.core.health] INFO: Health: RED — 9/10 checks passed
2026-08-25 01:59:30,606 [cateye.recovery.health_monitor] WARNING: [HEALTH] Non-critical component failure
2026-08-25 01:59:31,187 [ownex.api.middleware] INFO: [HW] AuthMiddleware.dispatch: JWT valid, passing request through
2026-08-25 01:59:31,623 [cateye.autonomous.engine] INFO: [AUTO+] Executing decision: degrade_load (confidence=0.70, action=degrade_pipeline_throughput)
2026-08-25 01:59:31,623 [cateye.autonomous.engine] WARNING: [AUTO+] Degrading system load: pausing non-critical pipelines
2026-08-25 01:59:31,623 [ownex.agents.bus] INFO: [EVENTS] autonomous_engine -> research: system.alert (corr=b054010f, pri=5)
2026-08-25 01:59:32,184 [ownex.api.middleware] INFO: [HW] AuthMiddleware.dispatch: JWT valid, passing request through
2026-08-25 01:59:36,184 [ownex.api.middleware] INFO: [HW] AuthMiddleware.dispatch: JWT valid, passing request through
2026-08-25 01:59:37,184 [ownex.api.middleware] INFO: [HW] AuthMiddleware.dispatch: JWT valid, passing request through
2026-08-25 01:59:38,908 [orion.core.health] INFO: Health: RED — 9/10 checks passed
2026-08-25 01:59:38,908 [cateye.recovery.health_monitor] WARNING: [HEALTH] Non-critical component failure
2026-08-25 01:59:41,184 [ownex.api.middleware] INFO: [HW] AuthMiddleware.dispatch: JWT valid, passing request through
2026-08-25 01:59:42,186 [ownex.api.middleware] INFO: [HW] AuthMiddleware.dispatch: JWT valid, passing request through
2026-08-25 01:59:46,630 [ownex.recovery.circuit_breaker] INFO: [CB] agents_status circuit -> half_open (cooldown elapsed)
2026-08-25 01:59:46,631 [ownex.optimization.engine] INFO: [OPTIMIZE] health_check_interval: 60 -> 60 (Stable system: reducing health check frequency to 60s)
2026-08-25 01:59:46,631 [cateye.autonomous.engine] INFO: [AUTO+] Executing decision: degrade_load (confidence=0.70, action=degrade_pipeline_throughput)
2026-08-25 01:59:46,632 [cateye.autonomous.engine] WARNING: [AUTO+] Degrading system load: pausing non-critical pipelines
2026-08-25 01:59:46,632 [ownex.agents.bus] INFO: [EVENTS] autonomous_engine -> research: system.alert (corr=28ddc111, pri=5)
2026-08-25 01:59:46,633 [cateye.autonomous.engine] INFO: [AUTO+] Executing decision: parameter_tuning (confidence=0.80, action=adjust_health_check_interval)
2026-08-25 01:59:47,185 [ownex.api.middleware] INFO: [HW] AuthMiddleware.dispatch: JWT valid, passing request through
2026-08-25 01:59:47,210 [orion.core.health] INFO: Health: RED — 9/10 checks passed
2026-08-25 01:59:47,210 [cateye.recovery.health_monitor] WARNING: [HEALTH] Non-critical component failure
2026-08-25 01:59:47,816 [ownex.bounty_scraper] INFO: GitHub search: skipped (no GITHUB_TOKEN env var)
2026-08-25 01:59:48,265 [ownex.bounty_scraper] WARNING: HackerOne page 1: HTTP Error 400: Bad Request
2026-08-25 01:59:48,693 [ownex.bounty_scraper] WARNING: HackerOne page 2: HTTP Error 400: Bad Request
2026-08-25 01:59:48,693 [ownex.bounty_scraper] INFO: HackerOne: 0 programs scraped
2026-08-25 01:59:49,261 [ownex.bounty_scraper] WARNING: Bugcrowd page 1: HTTP Error 404: Not Found
2026-08-25 01:59:49,800 [ownex.bounty_scraper] WARNING: Bugcrowd page 2: HTTP Error 404: Not Found
2026-08-25 01:59:49,800 [ownex.bounty_scraper] INFO: Bugcrowd: 0 programs scraped
2026-08-25 01:59:50,677 [ownex.bounty_scraper] WARNING: Intigriti page 1: HTTP Error 404: Not Found
2026-08-25 01:59:50,677 [ownex.bounty_scraper] INFO: Intigriti: 0 programs scraped
2026-08-25 01:59:51,634 [ownex.bounty_scraper] WARNING: YesWeHack page 1: HTTP Error 404: Not Found
2026-08-25 01:59:51,634 [ownex.bounty_scraper] INFO: YesWeHack: 0 programs scraped
2026-08-25 01:59:51,638 [ownex.bounty_scraper] INFO: Total: 659 unique reward-offering programs scraped across all sources
2026-08-25 01:59:51,649 [ownex.recovery.circuit_breaker] INFO: [CB] scheduler_status circuit -> closed (success)
2026-08-25 01:59:51,654 [cateye.recovery.engine] INFO: [RECOVERY] scheduler_status recovered via restart_scheduler (71969ms)
2026-08-25 01:59:51,654 [cateye.health.engine] INFO: [HEALTH] Recovery initiated for scheduler_status via RecoveryEngine
2026-08-25 01:59:51,654 [cateye.health.engine] ERROR: [HEALTH] Recovery engine error for db_connectivity: 'db_stuck' is not a valid FailureType
2026-08-25 01:59:51,654 [cateye.recovery.engine] WARNING: [RECOVERY] eventbus_stuck on eventbus_failures: System frozen (action=reset_event_bus)
2026-08-25 01:59:51,661 [ownex.recovery.circuit_breaker] INFO: [CB] eventbus_failures circuit -> closed (success)
2026-08-25 01:59:51,664 [cateye.recovery.engine] INFO: [RECOVERY] eventbus_failures recovered via reset_event_bus (1ms)
2026-08-25 01:59:51,664 [cateye.health.engine] INFO: [HEALTH] Recovery initiated for eventbus_failures via RecoveryEngine
2026-08-25 01:59:52,190 [ownex.api.middleware] INFO: [HW] AuthMiddleware.dispatch: JWT valid, passing request through
2026-08-25 01:59:55,512 [orion.core.health] INFO: Health: RED — 9/10 checks passed
2026-08-25 01:59:55,512 [cateye.recovery.health_monitor] WARNING: [HEALTH] Non-critical component failure
2026-08-25 01:59:57,186 [ownex.api.middleware] INFO: [HW] AuthMiddleware.dispatch: JWT valid, passing request through
